lat,lang,lokasi
-0.9553223,114.8977689,Dinas Ketahanan Pangan dan Perikanan
-0.9552583,114.8977155,Dinas Ketahanan Pangan dan Perikanan
-0.9552601,114.8977097,Dinas Ketahanan Pangan dan Perikanan
-0.9552987,114.8977448,Dinas Ketahanan Pangan dan Perikanan
-0.9553063,114.8976647,Dinas Ketahanan Pangan dan Perikanan
-0.9552747,114.8976798,Dinas Ketahanan Pangan dan Perikanan
-0.9553771,114.8976757,Dinas Ketahanan Pangan dan Perikanan
-0.9553124,114.8977751,Dinas Ketahanan Pangan dan Perikanan
-0.9552763,114.8976788,Dinas Ketahanan Pangan dan Perikanan
-0.9553224,114.8977271,Dinas Ketahanan Pangan dan Perikanan
-0.9552811,114.8977451,Dinas Ketahanan Pangan dan Perikanan
-0.9552755,114.8977033,Dinas Ketahanan Pangan dan Perikanan
-0.9552571,114.8977156,Dinas Ketahanan Pangan dan Perikanan
-0.9552896,114.8976466,Dinas Ketahanan Pangan dan Perikanan
-0.9553181,114.8977587,Dinas Ketahanan Pangan dan Perikanan
-0.9553147,114.8977362,Dinas Ketahanan Pangan dan Perikanan
-0.9553923,114.8977177,Dinas Ketahanan Pangan dan Perikanan
-0.9552931,114.8977375,Dinas Ketahanan Pangan dan Perikanan
-0.9552805,114.8976953,Dinas Ketahanan Pangan dan Perikanan
-0.9553335,114.8976749,Dinas Ketahanan Pangan dan Perikanan
-0.9553538,114.8977742,Dinas Ketahanan Pangan dan Perikanan
-0.9553922,114.8977586,Dinas Ketahanan Pangan dan Perikanan
-0.9552862,114.8977551,Dinas Ketahanan Pangan dan Perikanan
-0.9553635,114.8977301,Dinas Ketahanan Pangan dan Perikanan
-0.9553092,114.8977835,Dinas Ketahanan Pangan dan Perikanan
-0.9552536,114.8977082,Dinas Ketahanan Pangan dan Perikanan
-0.9553196,114.8977787,Dinas Ketahanan Pangan dan Perikanan
-0.9553825,114.8977763,Dinas Ketahanan Pangan dan Perikanan
-0.9553059,114.8977662,Dinas Ketahanan Pangan dan Perikanan
-0.9553312,114.8976761,Dinas Ketahanan Pangan dan Perikanan
-0.9553706,114.8977449,Dinas Ketahanan Pangan dan Perikanan
-0.9553533,114.8977087,Dinas Ketahanan Pangan dan Perikanan
-0.9553729,114.8977447,Dinas Ketahanan Pangan dan Perikanan
-0.9553492,114.8976871,Dinas Ketahanan Pangan dan Perikanan
-0.9553831,114.8976844,Dinas Ketahanan Pangan dan Perikanan
-0.9553157,114.8977171,Dinas Ketahanan Pangan dan Perikanan
-0.9553212,114.8977288,Dinas Ketahanan Pangan dan Perikanan
-0.9552868,114.8977434,Dinas Ketahanan Pangan dan Perikanan
-0.9553202,114.8977623,Dinas Ketahanan Pangan dan Perikanan
-0.9553559,114.8977242,Dinas Ketahanan Pangan dan Perikanan
-0.9553656,114.8976849,Dinas Ketahanan Pangan dan Perikanan
-0.9553801,114.8977592,Dinas Ketahanan Pangan dan Perikanan
-0.9553497,114.8977579,Dinas Ketahanan Pangan dan Perikanan
-0.9553711,114.8977091,Dinas Ketahanan Pangan dan Perikanan
-0.9552621,114.8976975,Dinas Ketahanan Pangan dan Perikanan
-0.9553165,114.8977276,Dinas Ketahanan Pangan dan Perikanan
-0.9552978,114.8976534,Dinas Ketahanan Pangan dan Perikanan
-0.9553815,114.8977613,Dinas Ketahanan Pangan dan Perikanan
-0.9552665,114.8977714,Dinas Ketahanan Pangan dan Perikanan
-0.9553773,114.8977903,Dinas Ketahanan Pangan dan Perikanan
-0.9553056,114.8976943,Dinas Ketahanan Pangan dan Perikanan
-0.9553104,114.8977178,Dinas Ketahanan Pangan dan Perikanan
-0.9553397,114.8977326,Dinas Ketahanan Pangan dan Perikanan
-0.9553859,114.8977258,Dinas Ketahanan Pangan dan Perikanan
-0.9553319,114.8977807,Dinas Ketahanan Pangan dan Perikanan
-0.9553737,114.8977781,Dinas Ketahanan Pangan dan Perikanan
-0.9553314,114.8977675,Dinas Ketahanan Pangan dan Perikanan
-0.9553325,114.8977538,Dinas Ketahanan Pangan dan Perikanan
-0.9553634,114.8977263,Dinas Ketahanan Pangan dan Perikanan
-0.9553477,114.8976749,Dinas Ketahanan Pangan dan Perikanan
-0.9553619,114.8977514,Dinas Ketahanan Pangan dan Perikanan
-0.9553006,114.8977763,Dinas Ketahanan Pangan dan Perikanan
-0.9553743,114.8976924,Dinas Ketahanan Pangan dan Perikanan
-0.9553785,114.8977474,Dinas Ketahanan Pangan dan Perikanan
-0.9553594,114.8977098,Dinas Ketahanan Pangan dan Perikanan
-0.9553223,114.8976711,Dinas Ketahanan Pangan dan Perikanan
-0.9553902,114.8976842,Dinas Ketahanan Pangan dan Perikanan
-0.9553152,114.8977712,Dinas Ketahanan Pangan dan Perikanan
-0.9553152,114.8976947,Dinas Ketahanan Pangan dan Perikanan
-0.9553701,114.8977464,Dinas Ketahanan Pangan dan Perikanan
-0.9553038,114.8976477,Dinas Ketahanan Pangan dan Perikanan
-0.9553542,114.8977634,Dinas Ketahanan Pangan dan Perikanan
-0.9553611,114.8977803,Dinas Ketahanan Pangan dan Perikanan
-0.9553873,114.8976806,Dinas Ketahanan Pangan dan Perikanan
-0.9552575,114.8977328,Dinas Ketahanan Pangan dan Perikanan
-0.9553748,114.8977638,Dinas Ketahanan Pangan dan Perikanan
-0.9553763,114.8977139,Dinas Ketahanan Pangan dan Perikanan
-0.9553871,114.8977714,Dinas Ketahanan Pangan dan Perikanan
-0.9553235,114.8977632,Dinas Ketahanan Pangan dan Perikanan
-0.9552699,114.8977302,Dinas Ketahanan Pangan dan Perikanan
-0.9552894,114.8977367,Dinas Ketahanan Pangan dan Perikanan
-0.9553896,114.8977503,Dinas Ketahanan Pangan dan Perikanan
-0.9553484,114.8977324,Dinas Ketahanan Pangan dan Perikanan
-0.9552662,114.8977206,Dinas Ketahanan Pangan dan Perikanan
-0.9553446,114.8977874,Dinas Ketahanan Pangan dan Perikanan
-0.9553112,114.8976409,Dinas Ketahanan Pangan dan Perikanan
-0.9553436,114.8976785,Dinas Ketahanan Pangan dan Perikanan
-0.9553557,114.8976601,Dinas Ketahanan Pangan dan Perikanan
-0.9553415,114.8977951,Dinas Ketahanan Pangan dan Perikanan
-0.9552887,114.8977428,Dinas Ketahanan Pangan dan Perikanan
-0.9553864,114.8977782,Dinas Ketahanan Pangan dan Perikanan
-0.9553024,114.8977563,Dinas Ketahanan Pangan dan Perikanan
-0.9552769,114.8977464,Dinas Ketahanan Pangan dan Perikanan
-0.9553558,114.8976677,Dinas Ketahanan Pangan dan Perikanan
-0.9552759,114.8976637,Dinas Ketahanan Pangan dan Perikanan
-0.9553235,114.8977259,Dinas Ketahanan Pangan dan Perikanan
-0.9553088,114.8977314,Dinas Ketahanan Pangan dan Perikanan
-0.9553635,114.8977058,Dinas Ketahanan Pangan dan Perikanan
-0.9553563,114.8976865,Dinas Ketahanan Pangan dan Perikanan
-0.9552686,114.8977249,Dinas Ketahanan Pangan dan Perikanan
-0.9553178,114.8977389,Dinas Ketahanan Pangan dan Perikanan
-0.9552595,114.8977635,Dinas Ketahanan Pangan dan Perikanan
-0.9553295,114.8976748,Dinas Ketahanan Pangan dan Perikanan
-0.9553899,114.8977307,Dinas Ketahanan Pangan dan Perikanan
-0.9552801,114.8977504,Dinas Ketahanan Pangan dan Perikanan
-0.9553604,114.8977842,Dinas Ketahanan Pangan dan Perikanan
-0.9552844,114.8976567,Dinas Ketahanan Pangan dan Perikanan
-0.9552874,114.8977603,Dinas Ketahanan Pangan dan Perikanan
-0.9553801,114.8977436,Dinas Ketahanan Pangan dan Perikanan
-0.9553657,114.8977202,Dinas Ketahanan Pangan dan Perikanan
-0.9552731,114.8977345,Dinas Ketahanan Pangan dan Perikanan
-0.9552805,114.8977814,Dinas Ketahanan Pangan dan Perikanan
-0.9553719,114.8977473,Dinas Ketahanan Pangan dan Perikanan
-0.9553386,114.8977119,Dinas Ketahanan Pangan dan Perikanan
-0.9553827,114.8977122,Dinas Ketahanan Pangan dan Perikanan
-0.9553104,114.8977271,Dinas Ketahanan Pangan dan Perikanan
-0.9553028,114.8976496,Dinas Ketahanan Pangan dan Perikanan
-0.9552642,114.8977693,Dinas Ketahanan Pangan dan Perikanan
-0.9552832,114.8976863,Dinas Ketahanan Pangan dan Perikanan
-0.9552773,114.8976646,Dinas Ketahanan Pangan dan Perikanan
-0.9553536,114.8977493,Dinas Ketahanan Pangan dan Perikanan
-0.9552864,114.8976759,Dinas Ketahanan Pangan dan Perikanan
-0.9553975,114.8977312,Dinas Ketahanan Pangan dan Perikanan
-0.9553984,114.8977258,Dinas Ketahanan Pangan dan Perikanan
-0.9552622,114.8977238,Dinas Ketahanan Pangan dan Perikanan
-0.9553844,114.8977707,Dinas Ketahanan Pangan dan Perikanan
-0.9553526,114.8976966,Dinas Ketahanan Pangan dan Perikanan
-0.9553557,114.8977521,Dinas Ketahanan Pangan dan Perikanan
-0.9552781,114.8976622,Dinas Ketahanan Pangan dan Perikanan
-0.9553389,114.8977412,Dinas Ketahanan Pangan dan Perikanan
-0.9552903,114.8977152,Dinas Ketahanan Pangan dan Perikanan
-0.9552864,114.8977249,Dinas Ketahanan Pangan dan Perikanan
-0.9552603,114.8977195,Dinas Ketahanan Pangan dan Perikanan
-0.9553098,114.8977777,Dinas Ketahanan Pangan dan Perikanan
-0.9553802,114.8977372,Dinas Ketahanan Pangan dan Perikanan
-0.9553115,114.8976851,Dinas Ketahanan Pangan dan Perikanan
-0.9553017,114.8977633,Dinas Ketahanan Pangan dan Perikanan
-0.9553225,114.8976881,Dinas Ketahanan Pangan dan Perikanan
-0.9553435,114.8977237,Dinas Ketahanan Pangan dan Perikanan
-0.9553202,114.8977568,Dinas Ketahanan Pangan dan Perikanan
-0.9553701,114.8977351,Dinas Ketahanan Pangan dan Perikanan
-0.9553722,114.8977203,Dinas Ketahanan Pangan dan Perikanan
-0.9552926,114.8977601,Dinas Ketahanan Pangan dan Perikanan
-0.9553658,114.8977125,Dinas Ketahanan Pangan dan Perikanan
-0.9553043,114.8976911,Dinas Ketahanan Pangan dan Perikanan
-0.9553358,114.8977907,Dinas Ketahanan Pangan dan Perikanan
-0.9553079,114.8976628,Dinas Ketahanan Pangan dan Perikanan
-0.9552688,114.8977279,Dinas Ketahanan Pangan dan Perikanan
-0.9553766,114.8976839,Dinas Ketahanan Pangan dan Perikanan
-0.9553464,114.8976909,Dinas Ketahanan Pangan dan Perikanan
-0.9552924,114.8977494,Dinas Ketahanan Pangan dan Perikanan
-0.9553777,114.8977051,Dinas Ketahanan Pangan dan Perikanan
-0.9552644,114.8977467,Dinas Ketahanan Pangan dan Perikanan
-0.9553071,114.8976673,Dinas Ketahanan Pangan dan Perikanan
-0.9553629,114.8977512,Dinas Ketahanan Pangan dan Perikanan
-0.9553377,114.8977685,Dinas Ketahanan Pangan dan Perikanan
-0.9552853,114.8976613,Dinas Ketahanan Pangan dan Perikanan
-0.9553583,114.8977458,Dinas Ketahanan Pangan dan Perikanan
-0.9553512,114.8976712,Dinas Ketahanan Pangan dan Perikanan
-0.9553758,114.8977351,Dinas Ketahanan Pangan dan Perikanan
-0.9553831,114.8977035,Dinas Ketahanan Pangan dan Perikanan
-0.9553965,114.8976904,Dinas Ketahanan Pangan dan Perikanan
-0.9553575,114.8976889,Dinas Ketahanan Pangan dan Perikanan
-0.9553029,114.8976726,Dinas Ketahanan Pangan dan Perikanan
-0.9553355,114.8977054,Dinas Ketahanan Pangan dan Perikanan
-0.9553786,114.8977008,Dinas Ketahanan Pangan dan Perikanan
-0.9553538,114.8976893,Dinas Ketahanan Pangan dan Perikanan
-0.9553767,114.8977845,Dinas Ketahanan Pangan dan Perikanan
-0.9553684,114.8977177,Dinas Ketahanan Pangan dan Perikanan
-0.9553847,114.8977204,Dinas Ketahanan Pangan dan Perikanan
-0.9553189,114.8977074,Dinas Ketahanan Pangan dan Perikanan
-0.9553262,114.8976935,Dinas Ketahanan Pangan dan Perikanan
-0.9552627,114.8977249,Dinas Ketahanan Pangan dan Perikanan
-0.9553522,114.8976697,Dinas Ketahanan Pangan dan Perikanan
-0.9553569,114.8977586,Dinas Ketahanan Pangan dan Perikanan
-0.9553965,114.8977222,Dinas Ketahanan Pangan dan Perikanan
-0.9552938,114.8977406,Dinas Ketahanan Pangan dan Perikanan
-0.9553176,114.8977544,Dinas Ketahanan Pangan dan Perikanan
-0.9552852,114.8976942,Dinas Ketahanan Pangan dan Perikanan
-0.9553895,114.8977339,Dinas Ketahanan Pangan dan Perikanan
-0.9552754,114.8977007,Dinas Ketahanan Pangan dan Perikanan
-0.9553685,114.8976923,Dinas Ketahanan Pangan dan Perikanan
-0.9553314,114.8977585,Dinas Ketahanan Pangan dan Perikanan
-0.9553202,114.8977893,Dinas Ketahanan Pangan dan Perikanan
-0.9552862,114.8976764,Dinas Ketahanan Pangan dan Perikanan
-0.9553756,114.8977565,Dinas Ketahanan Pangan dan Perikanan
-0.9553376,114.8977331,Dinas Ketahanan Pangan dan Perikanan
-0.9553613,114.8977729,Dinas Ketahanan Pangan dan Perikanan
-0.9553435,114.8977292,Dinas Ketahanan Pangan dan Perikanan
-0.9553827,114.8977009,Dinas Ketahanan Pangan dan Perikanan
-0.9552662,114.8976956,Dinas Ketahanan Pangan dan Perikanan
-0.9552906,114.8977012,Dinas Ketahanan Pangan dan Perikanan
-0.9553404,114.8977018,Dinas Ketahanan Pangan dan Perikanan
-0.9553795,114.8977891,Dinas Ketahanan Pangan dan Perikanan
-0.9553797,114.8977349,Dinas Ketahanan Pangan dan Perikanan
-0.9553216,114.8977917,Dinas Ketahanan Pangan dan Perikanan
-0.9553698,114.8977189,Dinas Ketahanan Pangan dan Perikanan
-0.9553001,114.8977842,Dinas Ketahanan Pangan dan Perikanan
-0.9553391,114.8976619,Dinas Ketahanan Pangan dan Perikanan
-0.9553953,114.8977251,Dinas Ketahanan Pangan dan Perikanan
-0.9552932,114.8977542,Dinas Ketahanan Pangan dan Perikanan
-0.9552821,114.8976989,Dinas Ketahanan Pangan dan Perikanan
-0.9552944,114.8977097,Dinas Ketahanan Pangan dan Perikanan
-0.9552789,114.8977284,Dinas Ketahanan Pangan dan Perikanan
-0.9553134,114.8977724,Dinas Ketahanan Pangan dan Perikanan
-0.9553127,114.8977228,Dinas Ketahanan Pangan dan Perikanan
-0.9553387,114.8977025,Dinas Ketahanan Pangan dan Perikanan
-0.9553533,114.8976662,Dinas Ketahanan Pangan dan Perikanan
-0.9553367,114.8976955,Dinas Ketahanan Pangan dan Perikanan
-0.9553125,114.8976956,Dinas Ketahanan Pangan dan Perikanan
-0.9553658,114.8976759,Dinas Ketahanan Pangan dan Perikanan
-0.9552836,114.8977843,Dinas Ketahanan Pangan dan Perikanan
-0.9553537,114.8977699,Dinas Ketahanan Pangan dan Perikanan
-0.9553795,114.8977466,Dinas Ketahanan Pangan dan Perikanan
-0.9552869,114.8977637,Dinas Ketahanan Pangan dan Perikanan
-0.9553252,114.8976938,Dinas Ketahanan Pangan dan Perikanan
-0.9552795,114.8977254,Dinas Ketahanan Pangan dan Perikanan
-0.9553347,114.8976901,Dinas Ketahanan Pangan dan Perikanan
-0.9553269,114.8977519,Dinas Ketahanan Pangan dan Perikanan
-0.9552771,114.8977056,Dinas Ketahanan Pangan dan Perikanan
-0.9553659,114.8977278,Dinas Ketahanan Pangan dan Perikanan
-0.9553312,114.8977802,Dinas Ketahanan Pangan dan Perikanan
-0.9552894,114.8976732,Dinas Ketahanan Pangan dan Perikanan
-0.9553651,114.8977513,Dinas Ketahanan Pangan dan Perikanan
-0.9552917,114.8977024,Dinas Ketahanan Pangan dan Perikanan
-0.9552801,114.8977331,Dinas Ketahanan Pangan dan Perikanan
-0.9552728,114.8977001,Dinas Ketahanan Pangan dan Perikanan
-0.9552946,114.8976942,Dinas Ketahanan Pangan dan Perikanan
-0.9553801,114.8976833,Dinas Ketahanan Pangan dan Perikanan
-0.9552626,114.8977227,Dinas Ketahanan Pangan dan Perikanan
-0.9553952,114.8977448,Dinas Ketahanan Pangan dan Perikanan
-0.9553284,114.8977094,Dinas Ketahanan Pangan dan Perikanan
-0.9553012,114.8977263,Dinas Ketahanan Pangan dan Perikanan
-0.9552981,114.8976779,Dinas Ketahanan Pangan dan Perikanan
-0.9553478,114.8976543,Dinas Ketahanan Pangan dan Perikanan
-0.9553713,114.8976753,Dinas Ketahanan Pangan dan Perikanan
-0.9552602,114.8976945,Dinas Ketahanan Pangan dan Perikanan
-0.9553546,114.8977935,Dinas Ketahanan Pangan dan Perikanan
-0.9552849,114.8976541,Dinas Ketahanan Pangan dan Perikanan
-0.9553178,114.8976506,Dinas Ketahanan Pangan dan Perikanan
-0.9553346,114.8977692,Dinas Ketahanan Pangan dan Perikanan
-0.9553348,114.8977116,Dinas Ketahanan Pangan dan Perikanan
-0.9553031,114.8976521,Dinas Ketahanan Pangan dan Perikanan
-0.9553296,114.8976455,Dinas Ketahanan Pangan dan Perikanan
-0.9553204,114.8977592,Dinas Ketahanan Pangan dan Perikanan
-0.9553756,114.8977501,Dinas Ketahanan Pangan dan Perikanan
-0.9553098,114.8976594,Dinas Ketahanan Pangan dan Perikanan
-0.9553409,114.8977767,Dinas Ketahanan Pangan dan Perikanan
-0.9552653,114.8977283,Dinas Ketahanan Pangan dan Perikanan
-0.9552694,114.8976716,Dinas Ketahanan Pangan dan Perikanan
-0.9553414,114.8976945,Dinas Ketahanan Pangan dan Perikanan
-0.9553349,114.8976711,Dinas Ketahanan Pangan dan Perikanan
-0.9553187,114.8977293,Dinas Ketahanan Pangan dan Perikanan
-0.9552912,114.8976521,Dinas Ketahanan Pangan dan Perikanan
-0.9553024,114.8977093,Dinas Ketahanan Pangan dan Perikanan
-0.9553213,114.8976457,Dinas Ketahanan Pangan dan Perikanan
-0.9553003,114.8977397,Dinas Ketahanan Pangan dan Perikanan
-0.9553879,114.8977052,Dinas Ketahanan Pangan dan Perikanan
-0.9553827,114.8977823,Dinas Ketahanan Pangan dan Perikanan
-0.9553054,114.8977744,Dinas Ketahanan Pangan dan Perikanan
-0.9552634,114.8977327,Dinas Ketahanan Pangan dan Perikanan
-0.9553444,114.8976733,Dinas Ketahanan Pangan dan Perikanan
-0.9552991,114.8977491,Dinas Ketahanan Pangan dan Perikanan
-0.9552876,114.8977497,Dinas Ketahanan Pangan dan Perikanan
-0.9553468,114.8977952,Dinas Ketahanan Pangan dan Perikanan
-0.9552701,114.8977029,Dinas Ketahanan Pangan dan Perikanan
-0.9552638,114.8977554,Dinas Ketahanan Pangan dan Perikanan
-0.9553813,114.8976981,Dinas Ketahanan Pangan dan Perikanan
-0.9553044,114.8977693,Dinas Ketahanan Pangan dan Perikanan
-0.9553084,114.8977278,Dinas Ketahanan Pangan dan Perikanan
-0.9553871,114.8977084,Dinas Ketahanan Pangan dan Perikanan
-0.9553178,114.8977312,Dinas Ketahanan Pangan dan Perikanan
-0.9553511,114.8977414,Dinas Ketahanan Pangan dan Perikanan
-0.9552818,114.8977593,Dinas Ketahanan Pangan dan Perikanan
-0.9553102,114.8977847,Dinas Ketahanan Pangan dan Perikanan
-0.9553709,114.8977686,Dinas Ketahanan Pangan dan Perikanan
-0.9553275,114.8976666,Dinas Ketahanan Pangan dan Perikanan
-0.9552665,114.8977223,Dinas Ketahanan Pangan dan Perikanan
-0.9553321,114.8977733,Dinas Ketahanan Pangan dan Perikanan
-0.9552985,114.8976494,Dinas Ketahanan Pangan dan Perikanan
-0.9553457,114.8976938,Dinas Ketahanan Pangan dan Perikanan
-0.9553325,114.8977711,Dinas Ketahanan Pangan dan Perikanan
-0.9553836,114.8976838,Dinas Ketahanan Pangan dan Perikanan
-0.9552745,114.8977059,Dinas Ketahanan Pangan dan Perikanan
-0.9553309,114.8977505,Dinas Ketahanan Pangan dan Perikanan
-0.9553076,114.8977637,Dinas Ketahanan Pangan dan Perikanan
-0.9553437,114.8976649,Dinas Ketahanan Pangan dan Perikanan
-0.9552904,114.8976473,Dinas Ketahanan Pangan dan Perikanan
-0.9553055,114.8976654,Dinas Ketahanan Pangan dan Perikanan
-0.9553775,114.8977508,Dinas Ketahanan Pangan dan Perikanan
-0.9553705,114.8977229,Dinas Ketahanan Pangan dan Perikanan
-0.9552878,114.8977071,Dinas Ketahanan Pangan dan Perikanan
-0.9552803,114.8977304,Dinas Ketahanan Pangan dan Perikanan
-0.9553546,114.8976872,Dinas Ketahanan Pangan dan Perikanan
-0.9553403,114.8976654,Dinas Ketahanan Pangan dan Perikanan
-0.9552702,114.8977613,Dinas Ketahanan Pangan dan Perikanan
-0.9552682,114.8976827,Dinas Ketahanan Pangan dan Perikanan
-0.9553601,114.8976853,Dinas Ketahanan Pangan dan Perikanan
-0.9552972,114.8977244,Dinas Ketahanan Pangan dan Perikanan
-0.9552883,114.8977326,Dinas Ketahanan Pangan dan Perikanan
-0.9553424,114.8977659,Dinas Ketahanan Pangan dan Perikanan
-0.9552645,114.8977114,Dinas Ketahanan Pangan dan Perikanan
-0.9553761,114.8977812,Dinas Ketahanan Pangan dan Perikanan
-0.9553913,114.8977687,Dinas Ketahanan Pangan dan Perikanan
-0.9553635,114.8977736,Dinas Ketahanan Pangan dan Perikanan
-0.9553309,114.8977525,Dinas Ketahanan Pangan dan Perikanan
-0.9553338,114.8976661,Dinas Ketahanan Pangan dan Perikanan
-0.9553792,114.8977272,Dinas Ketahanan Pangan dan Perikanan
-0.9553591,114.8977167,Dinas Ketahanan Pangan dan Perikanan
-0.9553177,114.8977784,Dinas Ketahanan Pangan dan Perikanan
-0.9553912,114.8977704,Dinas Ketahanan Pangan dan Perikanan
-0.9552689,114.8977493,Dinas Ketahanan Pangan dan Perikanan
-0.9553848,114.8976804,Dinas Ketahanan Pangan dan Perikanan
-0.9552768,114.8976845,Dinas Ketahanan Pangan dan Perikanan
-0.9553656,114.8977289,Dinas Ketahanan Pangan dan Perikanan
-0.9552919,114.8977153,Dinas Ketahanan Pangan dan Perikanan
-0.9552823,114.8977432,Dinas Ketahanan Pangan dan Perikanan
-0.9553066,114.8977438,Dinas Ketahanan Pangan dan Perikanan
-0.9552705,114.8977183,Dinas Ketahanan Pangan dan Perikanan
-0.9552901,114.8977503,Dinas Ketahanan Pangan dan Perikanan
-0.9553989,114.8977003,Dinas Ketahanan Pangan dan Perikanan
-0.9553879,114.8977151,Dinas Ketahanan Pangan dan Perikanan
-0.9552988,114.8977196,Dinas Ketahanan Pangan dan Perikanan
-0.9553267,114.8976715,Dinas Ketahanan Pangan dan Perikanan
-0.9553074,114.8977235,Dinas Ketahanan Pangan dan Perikanan
-0.9553759,114.8976724,Dinas Ketahanan Pangan dan Perikanan
-0.9553408,114.8976516,Dinas Ketahanan Pangan dan Perikanan
-0.9553199,114.8977713,Dinas Ketahanan Pangan dan Perikanan
-0.9552982,114.8976918,Dinas Ketahanan Pangan dan Perikanan
-0.9553194,114.8976949,Dinas Ketahanan Pangan dan Perikanan
-0.9552867,114.8977036,Dinas Ketahanan Pangan dan Perikanan
-0.9552759,114.8976935,Dinas Ketahanan Pangan dan Perikanan
-0.9553224,114.8977823,Dinas Ketahanan Pangan dan Perikanan
-0.9553599,114.8976715,Dinas Ketahanan Pangan dan Perikanan
-0.9553388,114.8977699,Dinas Ketahanan Pangan dan Perikanan
-0.9553466,114.8977005,Dinas Ketahanan Pangan dan Perikanan
-0.9552997,114.8977507,Dinas Ketahanan Pangan dan Perikanan
-0.9553067,114.8977523,Dinas Ketahanan Pangan dan Perikanan
-0.9553696,114.8977134,Dinas Ketahanan Pangan dan Perikanan
-0.9553287,114.8976542,Dinas Ketahanan Pangan dan Perikanan
-0.9553608,114.8976874,Dinas Ketahanan Pangan dan Perikanan
-0.9552999,114.8977574,Dinas Ketahanan Pangan dan Perikanan
-0.9552674,114.8977233,Dinas Ketahanan Pangan dan Perikanan
-0.9553265,114.8976704,Dinas Ketahanan Pangan dan Perikanan
-0.9553318,114.8976652,Dinas Ketahanan Pangan dan Perikanan
-0.9552658,114.8977579,Dinas Ketahanan Pangan dan Perikanan
-0.9552868,114.8976812,Dinas Ketahanan Pangan dan Perikanan
-0.9553075,114.8977283,Dinas Ketahanan Pangan dan Perikanan
-0.9553515,114.8977214,Dinas Ketahanan Pangan dan Perikanan
-0.9552984,114.8977426,Dinas Ketahanan Pangan dan Perikanan
-0.9552951,114.8976572,Dinas Ketahanan Pangan dan Perikanan
-0.9552768,114.8977772,Dinas Ketahanan Pangan dan Perikanan
-0.9553059,114.8977804,Dinas Ketahanan Pangan dan Perikanan
-0.9553589,114.8977845,Dinas Ketahanan Pangan dan Perikanan
-0.9553043,114.8977724,Dinas Ketahanan Pangan dan Perikanan
-0.9552623,114.8977164,Dinas Ketahanan Pangan dan Perikanan
-0.9553648,114.8976778,Dinas Ketahanan Pangan dan Perikanan
-0.9553415,114.8977096,Dinas Ketahanan Pangan dan Perikanan
-0.9552535,114.8977515,Dinas Ketahanan Pangan dan Perikanan
-0.9553055,114.8977192,Dinas Ketahanan Pangan dan Perikanan
-0.9552845,114.8977023,Dinas Ketahanan Pangan dan Perikanan
-0.9553418,114.8976916,Dinas Ketahanan Pangan dan Perikanan
-0.9553783,114.8977587,Dinas Ketahanan Pangan dan Perikanan
-0.9552747,114.8977358,Dinas Ketahanan Pangan dan Perikanan
-0.9553825,114.8976976,Dinas Ketahanan Pangan dan Perikanan
-0.9552895,114.8976503,Dinas Ketahanan Pangan dan Perikanan
-0.9553051,114.8977345,Dinas Ketahanan Pangan dan Perikanan
-0.9553114,114.8977596,Dinas Ketahanan Pangan dan Perikanan
-0.9552935,114.8977813,Dinas Ketahanan Pangan dan Perikanan
-0.9552844,114.8977233,Dinas Ketahanan Pangan dan Perikanan
-0.9553604,114.8977617,Dinas Ketahanan Pangan dan Perikanan
-0.9553545,114.8976853,Dinas Ketahanan Pangan dan Perikanan
-0.9552976,114.8976495,Dinas Ketahanan Pangan dan Perikanan
-0.9552934,114.8976864,Dinas Ketahanan Pangan dan Perikanan
-0.9552689,114.8977637,Dinas Ketahanan Pangan dan Perikanan
-0.9553257,114.8977941,Dinas Ketahanan Pangan dan Perikanan
-0.9553274,114.8977731,Dinas Ketahanan Pangan dan Perikanan
-0.9552813,114.8976761,Dinas Ketahanan Pangan dan Perikanan
-0.9552844,114.8977386,Dinas Ketahanan Pangan dan Perikanan
-0.9552673,114.8977535,Dinas Ketahanan Pangan dan Perikanan
-0.9553451,114.8977191,Dinas Ketahanan Pangan dan Perikanan
-0.9553044,114.8977516,Dinas Ketahanan Pangan dan Perikanan
-0.9553146,114.8977681,Dinas Ketahanan Pangan dan Perikanan
-0.9553287,114.8977405,Dinas Ketahanan Pangan dan Perikanan
-0.9553305,114.8977536,Dinas Ketahanan Pangan dan Perikanan
-0.9552909,114.8977216,Dinas Ketahanan Pangan dan Perikanan
-0.9553355,114.8976588,Dinas Ketahanan Pangan dan Perikanan
-0.9553532,114.8976967,Dinas Ketahanan Pangan dan Perikanan
-0.9553307,114.8977244,Dinas Ketahanan Pangan dan Perikanan
-0.9552815,114.8977463,Dinas Ketahanan Pangan dan Perikanan
-0.9553983,114.8977229,Dinas Ketahanan Pangan dan Perikanan
-0.9553128,114.8977527,Dinas Ketahanan Pangan dan Perikanan
-0.9553521,114.8976738,Dinas Ketahanan Pangan dan Perikanan
-0.9553566,114.8976795,Dinas Ketahanan Pangan dan Perikanan
-0.9553509,114.8977661,Dinas Ketahanan Pangan dan Perikanan
-0.9553911,114.8977536,Dinas Ketahanan Pangan dan Perikanan
-0.9552913,114.8977279,Dinas Ketahanan Pangan dan Perikanan
-0.9553191,114.8976397,Dinas Ketahanan Pangan dan Perikanan
-0.9553629,114.8977328,Dinas Ketahanan Pangan dan Perikanan
-0.9552757,114.8977095,Dinas Ketahanan Pangan dan Perikanan
-0.9553768,114.8976978,Dinas Ketahanan Pangan dan Perikanan
-0.9553531,114.8977475,Dinas Ketahanan Pangan dan Perikanan
-0.9553737,114.8977616,Dinas Ketahanan Pangan dan Perikanan
-0.9552847,114.8977293,Dinas Ketahanan Pangan dan Perikanan
-0.9553851,114.8977663,Dinas Ketahanan Pangan dan Perikanan
-0.9552987,114.8977366,Dinas Ketahanan Pangan dan Perikanan
-0.9552828,114.8977364,Dinas Ketahanan Pangan dan Perikanan
-0.9553783,114.8977679,Dinas Ketahanan Pangan dan Perikanan
-0.9553086,114.8977517,Dinas Ketahanan Pangan dan Perikanan
-0.9552848,114.8976537,Dinas Ketahanan Pangan dan Perikanan
-0.9553899,114.8977184,Dinas Ketahanan Pangan dan Perikanan
-0.9552859,114.8976916,Dinas Ketahanan Pangan dan Perikanan
-0.9553408,114.8977124,Dinas Ketahanan Pangan dan Perikanan
-0.9552705,114.8977446,Dinas Ketahanan Pangan dan Perikanan
-0.9553416,114.8976782,Dinas Ketahanan Pangan dan Perikanan
-0.9552756,114.8976747,Dinas Ketahanan Pangan dan Perikanan
-0.9552883,114.8976634,Dinas Ketahanan Pangan dan Perikanan
-0.9552859,114.8977387,Dinas Ketahanan Pangan dan Perikanan
-0.9553662,114.8977095,Dinas Ketahanan Pangan dan Perikanan
-0.9553667,114.8977284,Dinas Ketahanan Pangan dan Perikanan
-0.9553819,114.8977757,Dinas Ketahanan Pangan dan Perikanan
-0.9553336,114.8976788,Dinas Ketahanan Pangan dan Perikanan
-0.9553313,114.8977568,Dinas Ketahanan Pangan dan Perikanan
-0.9552583,114.8977098,Dinas Ketahanan Pangan dan Perikanan
-0.9553328,114.8976806,Dinas Ketahanan Pangan dan Perikanan
-0.9553022,114.8977314,Dinas Ketahanan Pangan dan Perikanan
-0.9553747,114.8977609,Dinas Ketahanan Pangan dan Perikanan
-0.9553384,114.8976505,Dinas Ketahanan Pangan dan Perikanan
-0.9553081,114.8976521,Dinas Ketahanan Pangan dan Perikanan
-0.9553426,114.8977915,Dinas Ketahanan Pangan dan Perikanan
-0.9553642,114.8976936,Dinas Ketahanan Pangan dan Perikanan
-0.9553749,114.8977021,Dinas Ketahanan Pangan dan Perikanan
-0.9553277,114.8976766,Dinas Ketahanan Pangan dan Perikanan
-0.9553332,114.8977568,Dinas Ketahanan Pangan dan Perikanan
-0.9553694,114.8977565,Dinas Ketahanan Pangan dan Perikanan
-0.9553782,114.8977592,Dinas Ketahanan Pangan dan Perikanan
-0.9553515,114.8976737,Dinas Ketahanan Pangan dan Perikanan
-0.9552834,114.8976842,Dinas Ketahanan Pangan dan Perikanan
-0.9552855,114.8976651,Dinas Ketahanan Pangan dan Perikanan
-0.9553395,114.8977398,Dinas Ketahanan Pangan dan Perikanan
-0.9553536,114.8976623,Dinas Ketahanan Pangan dan Perikanan
-0.9552998,114.8976725,Dinas Ketahanan Pangan dan Perikanan
-0.9553421,114.8977294,Dinas Ketahanan Pangan dan Perikanan
-0.9552705,114.8977382,Dinas Ketahanan Pangan dan Perikanan
-0.9553213,114.8977326,Dinas Ketahanan Pangan dan Perikanan
-0.9553511,114.8977272,Dinas Ketahanan Pangan dan Perikanan
-0.9553594,114.8976746,Dinas Ketahanan Pangan dan Perikanan
-0.9553741,114.8977655,Dinas Ketahanan Pangan dan Perikanan
-0.9552835,114.8977841,Dinas Ketahanan Pangan dan Perikanan
-0.9553144,114.8977883,Dinas Ketahanan Pangan dan Perikanan
-0.9553375,114.8977621,Dinas Ketahanan Pangan dan Perikanan
-0.9553544,114.8977544,Dinas Ketahanan Pangan dan Perikanan
-0.9552823,114.8977543,Dinas Ketahanan Pangan dan Perikanan
-0.9553632,114.8977628,Dinas Ketahanan Pangan dan Perikanan
-0.9553711,114.8976865,Dinas Ketahanan Pangan dan Perikanan
-0.9552698,114.8977664,Dinas Ketahanan Pangan dan Perikanan
-0.9553623,114.8977127,Dinas Ketahanan Pangan dan Perikanan
-0.9553741,114.8977676,Dinas Ketahanan Pangan dan Perikanan
-0.9553881,114.8976817,Dinas Ketahanan Pangan dan Perikanan
-0.9553102,114.8977884,Dinas Ketahanan Pangan dan Perikanan
-0.9552878,114.8976902,Dinas Ketahanan Pangan dan Perikanan
-0.9552938,114.8976866,Dinas Ketahanan Pangan dan Perikanan
-0.9553088,114.8977714,Dinas Ketahanan Pangan dan Perikanan
-0.9553847,114.8977486,Dinas Ketahanan Pangan dan Perikanan
-0.9553711,114.8976675,Dinas Ketahanan Pangan dan Perikanan
-0.9553063,114.8977783,Dinas Ketahanan Pangan dan Perikanan
-0.9552621,114.8977482,Dinas Ketahanan Pangan dan Perikanan
-0.9553164,114.8977303,Dinas Ketahanan Pangan dan Perikanan
-0.9553648,114.8977017,Dinas Ketahanan Pangan dan Perikanan
-0.9553718,114.8977572,Dinas Ketahanan Pangan dan Perikanan
-0.9552743,114.8977153,Dinas Ketahanan Pangan dan Perikanan
-0.9553378,114.8976876,Dinas Ketahanan Pangan dan Perikanan
-0.9553748,114.8977598,Dinas Ketahanan Pangan dan Perikanan
-0.9552691,114.8977065,Dinas Ketahanan Pangan dan Perikanan
-0.9553842,114.8977129,Dinas Ketahanan Pangan dan Perikanan
-0.9553411,114.8977583,Dinas Ketahanan Pangan dan Perikanan
-0.9553041,114.8977856,Dinas Ketahanan Pangan dan Perikanan
-0.9553367,114.8977281,Dinas Ketahanan Pangan dan Perikanan
-0.9552665,114.8977279,Dinas Ketahanan Pangan dan Perikanan
-0.9553019,114.8977828,Dinas Ketahanan Pangan dan Perikanan
-0.9553664,114.8977117,Dinas Ketahanan Pangan dan Perikanan
-0.9553489,114.8977916,Dinas Ketahanan Pangan dan Perikanan
-0.9552958,114.8976945,Dinas Ketahanan Pangan dan Perikanan
-0.9553234,114.8976525,Dinas Ketahanan Pangan dan Perikanan
-0.9553554,114.8977678,Dinas Ketahanan Pangan dan Perikanan
-0.9553068,114.8977587,Dinas Ketahanan Pangan dan Perikanan
-0.9552872,114.8977038,Dinas Ketahanan Pangan dan Perikanan
-0.9553726,114.8976738,Dinas Ketahanan Pangan dan Perikanan
-0.9553959,114.8977239,Dinas Ketahanan Pangan dan Perikanan
-0.9553097,114.8976842,Dinas Ketahanan Pangan dan Perikanan
-0.9553231,114.8977165,Dinas Ketahanan Pangan dan Perikanan
-0.9553735,114.8976809,Dinas Ketahanan Pangan dan Perikanan
-0.9553098,114.8976468,Dinas Ketahanan Pangan dan Perikanan
-0.9553634,114.8976804,Dinas Ketahanan Pangan dan Perikanan
-0.9553399,114.8976641,Dinas Ketahanan Pangan dan Perikanan
-0.9552958,114.8976421,Dinas Ketahanan Pangan dan Perikanan
-0.9553985,114.8977124,Dinas Ketahanan Pangan dan Perikanan
-0.9552941,114.8976669,Dinas Ketahanan Pangan dan Perikanan
-0.9553542,114.8977018,Dinas Ketahanan Pangan dan Perikanan
-0.9552941,114.8977269,Dinas Ketahanan Pangan dan Perikanan
-0.9553083,114.8977714,Dinas Ketahanan Pangan dan Perikanan
-0.9553412,114.8977834,Dinas Ketahanan Pangan dan Perikanan
-0.9553653,114.8977515,Dinas Ketahanan Pangan dan Perikanan
-0.9552893,114.8977207,Dinas Ketahanan Pangan dan Perikanan
-0.9553234,114.8977831,Dinas Ketahanan Pangan dan Perikanan
-0.9553122,114.8976431,Dinas Ketahanan Pangan dan Perikanan
-0.9553728,114.8977924,Dinas Ketahanan Pangan dan Perikanan
-0.9552914,114.8977832,Dinas Ketahanan Pangan dan Perikanan
-0.9552773,114.8977455,Dinas Ketahanan Pangan dan Perikanan
-0.9552734,114.8977488,Dinas Ketahanan Pangan dan Perikanan
-0.9553068,114.8977376,Dinas Ketahanan Pangan dan Perikanan
-0.9552812,114.8977338,Dinas Ketahanan Pangan dan Perikanan
-0.9553497,114.8977234,Dinas Ketahanan Pangan dan Perikanan
-0.9552592,114.8977456,Dinas Ketahanan Pangan dan Perikanan
-0.9553185,114.8977511,Dinas Ketahanan Pangan dan Perikanan
-0.9553737,114.8977251,Dinas Ketahanan Pangan dan Perikanan
-0.9553408,114.8977762,Dinas Ketahanan Pangan dan Perikanan
-0.9552588,114.8977473,Dinas Ketahanan Pangan dan Perikanan
-0.9553252,114.8976696,Dinas Ketahanan Pangan dan Perikanan
-0.9553929,114.8977653,Dinas Ketahanan Pangan dan Perikanan
-0.9552999,114.8976452,Dinas Ketahanan Pangan dan Perikanan
-0.9553012,114.8977865,Dinas Ketahanan Pangan dan Perikanan
-0.9553198,114.8977368,Dinas Ketahanan Pangan dan Perikanan
-0.9552908,114.8977022,Dinas Ketahanan Pangan dan Perikanan
-0.9552741,114.8977482,Dinas Ketahanan Pangan dan Perikanan
-0.9553663,114.8976731,Dinas Ketahanan Pangan dan Perikanan
-0.9553626,114.8976997,Dinas Ketahanan Pangan dan Perikanan
-0.9552718,114.8977479,Dinas Ketahanan Pangan dan Perikanan
-0.9553081,114.8977346,Dinas Ketahanan Pangan dan Perikanan
-0.9552767,114.8977766,Dinas Ketahanan Pangan dan Perikanan
-0.9552777,114.8977199,Dinas Ketahanan Pangan dan Perikanan
-0.9553272,114.8977303,Dinas Ketahanan Pangan dan Perikanan
-0.9553153,114.8977101,Dinas Ketahanan Pangan dan Perikanan
-0.9553647,114.8977599,Dinas Ketahanan Pangan dan Perikanan
-0.9552782,114.8977411,Dinas Ketahanan Pangan dan Perikanan
-0.9553673,114.8977281,Dinas Ketahanan Pangan dan Perikanan
-0.9552708,114.8976851,Dinas Ketahanan Pangan dan Perikanan
-0.9553213,114.8976599,Dinas Ketahanan Pangan dan Perikanan
-0.9552753,114.8977153,Dinas Ketahanan Pangan dan Perikanan
-0.9552914,114.8977188,Dinas Ketahanan Pangan dan Perikanan
-0.9553439,114.8976642,Dinas Ketahanan Pangan dan Perikanan
-0.9553704,114.8977214,Dinas Ketahanan Pangan dan Perikanan
-0.9552968,114.8976868,Dinas Ketahanan Pangan dan Perikanan
-0.9552552,114.8977429,Dinas Ketahanan Pangan dan Perikanan
-0.9552927,114.8976757,Dinas Ketahanan Pangan dan Perikanan
-0.9552737,114.8976671,Dinas Ketahanan Pangan dan Perikanan
-0.9553741,114.8977186,Dinas Ketahanan Pangan dan Perikanan
-0.9553959,114.8977239,Dinas Ketahanan Pangan dan Perikanan
-0.9552948,114.8977677,Dinas Ketahanan Pangan dan Perikanan
-0.9553228,114.8976746,Dinas Ketahanan Pangan dan Perikanan
-0.9553074,114.8976911,Dinas Ketahanan Pangan dan Perikanan
-0.9553492,114.8977239,Dinas Ketahanan Pangan dan Perikanan
-0.9553121,114.8977752,Dinas Ketahanan Pangan dan Perikanan
-0.9552945,114.8977127,Dinas Ketahanan Pangan dan Perikanan
-0.9552798,114.8976952,Dinas Ketahanan Pangan dan Perikanan
-0.9553636,114.8977663,Dinas Ketahanan Pangan dan Perikanan
-0.9553446,114.8976632,Dinas Ketahanan Pangan dan Perikanan
-0.9552925,114.8977489,Dinas Ketahanan Pangan dan Perikanan
-0.9553163,114.8977837,Dinas Ketahanan Pangan dan Perikanan
-0.9552523,114.8977436,Dinas Ketahanan Pangan dan Perikanan
-0.9553518,114.8977795,Dinas Ketahanan Pangan dan Perikanan
-0.9553954,114.8977577,Dinas Ketahanan Pangan dan Perikanan
-0.9552778,114.8977135,Dinas Ketahanan Pangan dan Perikanan
-0.9553256,114.8977776,Dinas Ketahanan Pangan dan Perikanan
-0.9552882,114.8976537,Dinas Ketahanan Pangan dan Perikanan
-0.9553055,114.8977023,Dinas Ketahanan Pangan dan Perikanan
-0.9553522,114.8977837,Dinas Ketahanan Pangan dan Perikanan
-0.9553557,114.8976729,Dinas Ketahanan Pangan dan Perikanan
-0.9552915,114.8976858,Dinas Ketahanan Pangan dan Perikanan
-0.9553344,114.8976877,Dinas Ketahanan Pangan dan Perikanan
-0.9553815,114.8977878,Dinas Ketahanan Pangan dan Perikanan
-0.9552954,114.8976574,Dinas Ketahanan Pangan dan Perikanan
-0.9552542,114.8977509,Dinas Ketahanan Pangan dan Perikanan
-0.9552815,114.8977748,Dinas Ketahanan Pangan dan Perikanan
-0.9553857,114.8976811,Dinas Ketahanan Pangan dan Perikanan
-0.9553174,114.8976735,Dinas Ketahanan Pangan dan Perikanan
-0.9552998,114.8977822,Dinas Ketahanan Pangan dan Perikanan
-0.9553025,114.8977823,Dinas Ketahanan Pangan dan Perikanan
-0.9553748,114.8977223,Dinas Ketahanan Pangan dan Perikanan
-0.9552761,114.8977103,Dinas Ketahanan Pangan dan Perikanan
-0.9553383,114.8976704,Dinas Ketahanan Pangan dan Perikanan
-0.9553936,114.8977587,Dinas Ketahanan Pangan dan Perikanan
-0.9553034,114.8977814,Dinas Ketahanan Pangan dan Perikanan
-0.9552624,114.8977675,Dinas Ketahanan Pangan dan Perikanan
-0.9553352,114.8977419,Dinas Ketahanan Pangan dan Perikanan
-0.9553154,114.8977725,Dinas Ketahanan Pangan dan Perikanan
-0.9552542,114.8977384,Dinas Ketahanan Pangan dan Perikanan
-0.9552727,114.8977412,Dinas Ketahanan Pangan dan Perikanan
-0.9553271,114.8977861,Dinas Ketahanan Pangan dan Perikanan
-0.9553593,114.8977944,Dinas Ketahanan Pangan dan Perikanan
-0.9553001,114.8977162,Dinas Ketahanan Pangan dan Perikanan
-0.9553667,114.8976667,Dinas Ketahanan Pangan dan Perikanan
-0.9553323,114.8977167,Dinas Ketahanan Pangan dan Perikanan
-0.9553583,114.8977319,Dinas Ketahanan Pangan dan Perikanan
-0.9552992,114.8976578,Dinas Ketahanan Pangan dan Perikanan
-0.9553828,114.8977526,Dinas Ketahanan Pangan dan Perikanan
-0.9552735,114.8977034,Dinas Ketahanan Pangan dan Perikanan
-0.9552957,114.8977691,Dinas Ketahanan Pangan dan Perikanan
-0.9552645,114.8976917,Dinas Ketahanan Pangan dan Perikanan
-0.9552551,114.8977251,Dinas Ketahanan Pangan dan Perikanan
-0.9553373,114.8976569,Dinas Ketahanan Pangan dan Perikanan
-0.9553126,114.8976419,Dinas Ketahanan Pangan dan Perikanan
-0.9553509,114.8976738,Dinas Ketahanan Pangan dan Perikanan
-0.9552864,114.8976747,Dinas Ketahanan Pangan dan Perikanan
-0.9552935,114.8976841,Dinas Ketahanan Pangan dan Perikanan
-0.9553875,114.8976806,Dinas Ketahanan Pangan dan Perikanan
-0.9553846,114.8977053,Dinas Ketahanan Pangan dan Perikanan
-0.9552806,114.8977437,Dinas Ketahanan Pangan dan Perikanan
-0.9553278,114.8976639,Dinas Ketahanan Pangan dan Perikanan
-0.9553018,114.8977583,Dinas Ketahanan Pangan dan Perikanan
-0.9552703,114.8977577,Dinas Ketahanan Pangan dan Perikanan
-0.9553326,114.8976621,Dinas Ketahanan Pangan dan Perikanan
-0.9553194,114.8976735,Dinas Ketahanan Pangan dan Perikanan
-0.9553764,114.8977531,Dinas Ketahanan Pangan dan Perikanan
-0.9553429,114.8976645,Dinas Ketahanan Pangan dan Perikanan
-0.9553512,114.8977669,Dinas Ketahanan Pangan dan Perikanan
-0.9553329,114.8976937,Dinas Ketahanan Pangan dan Perikanan
-0.9553624,114.8977869,Dinas Ketahanan Pangan dan Perikanan
-0.9552615,114.8977194,Dinas Ketahanan Pangan dan Perikanan
-0.9553171,114.8977823,Dinas Ketahanan Pangan dan Perikanan
-0.9552534,114.8977307,Dinas Ketahanan Pangan dan Perikanan
-0.9553911,114.8977674,Dinas Ketahanan Pangan dan Perikanan
-0.9553606,114.8977395,Dinas Ketahanan Pangan dan Perikanan
-0.9553396,114.8977252,Dinas Ketahanan Pangan dan Perikanan
-0.9552664,114.8977309,Dinas Ketahanan Pangan dan Perikanan
-0.9553387,114.8977077,Dinas Ketahanan Pangan dan Perikanan
-0.9553186,114.8977235,Dinas Ketahanan Pangan dan Perikanan
-0.9553129,114.8977129,Dinas Ketahanan Pangan dan Perikanan
-0.9553772,114.8976844,Dinas Ketahanan Pangan dan Perikanan
-0.9553562,114.8976671,Dinas Ketahanan Pangan dan Perikanan
-0.9553272,114.8977726,Dinas Ketahanan Pangan dan Perikanan
-0.9552507,114.8977265,Dinas Ketahanan Pangan dan Perikanan
-0.9552817,114.8977323,Dinas Ketahanan Pangan dan Perikanan
-0.9553643,114.8977185,Dinas Ketahanan Pangan dan Perikanan
-0.9553026,114.8977335,Dinas Ketahanan Pangan dan Perikanan
-0.9552939,114.8976753,Dinas Ketahanan Pangan dan Perikanan
-0.9552913,114.8976577,Dinas Ketahanan Pangan dan Perikanan
-0.9552653,114.8977351,Dinas Ketahanan Pangan dan Perikanan
-0.9553345,114.8977014,Dinas Ketahanan Pangan dan Perikanan
-0.9553054,114.8977327,Dinas Ketahanan Pangan dan Perikanan
-0.9553575,114.8977525,Dinas Ketahanan Pangan dan Perikanan
-0.9553525,114.8977126,Dinas Ketahanan Pangan dan Perikanan
-0.9553276,114.8976488,Dinas Ketahanan Pangan dan Perikanan
-0.9553593,114.8976984,Dinas Ketahanan Pangan dan Perikanan
-0.9553851,114.8977796,Dinas Ketahanan Pangan dan Perikanan
-0.9553671,114.8977456,Dinas Ketahanan Pangan dan Perikanan
-0.9553317,114.8977279,Dinas Ketahanan Pangan dan Perikanan
-0.9553561,114.8977762,Dinas Ketahanan Pangan dan Perikanan
-0.9553247,114.8977234,Dinas Ketahanan Pangan dan Perikanan
-0.9553478,114.8977946,Dinas Ketahanan Pangan dan Perikanan
-0.9552958,114.8976786,Dinas Ketahanan Pangan dan Perikanan
-0.9553013,114.8977682,Dinas Ketahanan Pangan dan Perikanan
-0.9553468,114.8976868,Dinas Ketahanan Pangan dan Perikanan
-0.9552689,114.8977631,Dinas Ketahanan Pangan dan Perikanan
-0.9553544,114.8977255,Dinas Ketahanan Pangan dan Perikanan
-0.9553015,114.8976921,Dinas Ketahanan Pangan dan Perikanan
-0.9553034,114.8977006,Dinas Ketahanan Pangan dan Perikanan
-0.9553998,114.8977119,Dinas Ketahanan Pangan dan Perikanan
-0.9552867,114.8977081,Dinas Ketahanan Pangan dan Perikanan
-0.9553023,114.8976904,Dinas Ketahanan Pangan dan Perikanan
-0.9553711,114.8977387,Dinas Ketahanan Pangan dan Perikanan
-0.9552838,114.8976641,Dinas Ketahanan Pangan dan Perikanan
-0.9552931,114.8977809,Dinas Ketahanan Pangan dan Perikanan
-0.9553845,114.8977532,Dinas Ketahanan Pangan dan Perikanan
-0.9552652,114.8977575,Dinas Ketahanan Pangan dan Perikanan
-0.9552617,114.8977187,Dinas Ketahanan Pangan dan Perikanan
-0.9552935,114.8977345,Dinas Ketahanan Pangan dan Perikanan
-0.9553011,114.8977369,Dinas Ketahanan Pangan dan Perikanan
-0.9552987,114.8976438,Dinas Ketahanan Pangan dan Perikanan
-0.9553061,114.8977766,Dinas Ketahanan Pangan dan Perikanan
-0.9552712,114.8977565,Dinas Ketahanan Pangan dan Perikanan
-0.9553075,114.8977726,Dinas Ketahanan Pangan dan Perikanan
-0.9553681,114.8977834,Dinas Ketahanan Pangan dan Perikanan
-0.9553024,114.8976726,Dinas Ketahanan Pangan dan Perikanan
-0.9553757,114.8976832,Dinas Ketahanan Pangan dan Perikanan
-0.9553721,114.8977146,Dinas Ketahanan Pangan dan Perikanan
-0.9552697,114.8977678,Dinas Ketahanan Pangan dan Perikanan
-0.9553692,114.8976899,Dinas Ketahanan Pangan dan Perikanan
-0.9553149,114.8977712,Dinas Ketahanan Pangan dan Perikanan
-0.9553909,114.8977715,Dinas Ketahanan Pangan dan Perikanan
-0.9553056,114.8977644,Dinas Ketahanan Pangan dan Perikanan
-0.9552619,114.8977439,Dinas Ketahanan Pangan dan Perikanan
-0.9552971,114.8976528,Dinas Ketahanan Pangan dan Perikanan
-0.9553581,114.8976978,Dinas Ketahanan Pangan dan Perikanan
-0.9553087,114.8977908,Dinas Ketahanan Pangan dan Perikanan
-0.9552897,114.8976651,Dinas Ketahanan Pangan dan Perikanan
-0.9553003,114.8977187,Dinas Ketahanan Pangan dan Perikanan
-0.9553471,114.8976546,Dinas Ketahanan Pangan dan Perikanan
-0.9553012,114.8977697,Dinas Ketahanan Pangan dan Perikanan
-0.9553873,114.8976834,Dinas Ketahanan Pangan dan Perikanan
-0.9552731,114.8976801,Dinas Ketahanan Pangan dan Perikanan
-0.9552896,114.8977748,Dinas Ketahanan Pangan dan Perikanan
-0.9553653,114.8977059,Dinas Ketahanan Pangan dan Perikanan
-0.9552985,114.8977178,Dinas Ketahanan Pangan dan Perikanan
-0.9553475,114.8976845,Dinas Ketahanan Pangan dan Perikanan
-0.9553334,114.8976488,Dinas Ketahanan Pangan dan Perikanan
-0.9552858,114.8977809,Dinas Ketahanan Pangan dan Perikanan
-0.9553531,114.8976803,Dinas Ketahanan Pangan dan Perikanan
-0.9553603,114.8977411,Dinas Ketahanan Pangan dan Perikanan
-0.9553784,114.8977197,Dinas Ketahanan Pangan dan Perikanan
-0.9553541,114.8977881,Dinas Ketahanan Pangan dan Perikanan
-0.9553336,114.8977543,Dinas Ketahanan Pangan dan Perikanan
-0.9553665,114.8976877,Dinas Ketahanan Pangan dan Perikanan
-0.9553403,114.8977029,Dinas Ketahanan Pangan dan Perikanan
-0.9553645,114.8977023,Dinas Ketahanan Pangan dan Perikanan
-0.9552786,114.8976707,Dinas Ketahanan Pangan dan Perikanan
-0.9553577,114.8977483,Dinas Ketahanan Pangan dan Perikanan
-0.9552927,114.8977411,Dinas Ketahanan Pangan dan Perikanan
-0.9552925,114.8977184,Dinas Ketahanan Pangan dan Perikanan
-0.9553578,114.8977921,Dinas Ketahanan Pangan dan Perikanan
-0.9553039,114.8976447,Dinas Ketahanan Pangan dan Perikanan
-0.9553219,114.8976883,Dinas Ketahanan Pangan dan Perikanan
-0.9553859,114.8977805,Dinas Ketahanan Pangan dan Perikanan
-0.9553121,114.8977492,Dinas Ketahanan Pangan dan Perikanan
-0.9553658,114.8977833,Dinas Ketahanan Pangan dan Perikanan
-0.9553805,114.8977419,Dinas Ketahanan Pangan dan Perikanan
-0.9552934,114.8976962,Dinas Ketahanan Pangan dan Perikanan
-0.9553221,114.8976518,Dinas Ketahanan Pangan dan Perikanan
-0.9553107,114.8977519,Dinas Ketahanan Pangan dan Perikanan
-0.9552854,114.8977608,Dinas Ketahanan Pangan dan Perikanan
-0.9553735,114.8977142,Dinas Ketahanan Pangan dan Perikanan
-0.9553971,114.8977134,Dinas Ketahanan Pangan dan Perikanan
-0.9553573,114.8977677,Dinas Ketahanan Pangan dan Perikanan
-0.9552686,114.8976794,Dinas Ketahanan Pangan dan Perikanan
-0.9553622,114.8976945,Dinas Ketahanan Pangan dan Perikanan
-0.9553275,114.8977462,Dinas Ketahanan Pangan dan Perikanan
-0.9553189,114.8977309,Dinas Ketahanan Pangan dan Perikanan
-0.9552734,114.8977043,Dinas Ketahanan Pangan dan Perikanan
-0.9553502,114.8976747,Dinas Ketahanan Pangan dan Perikanan
-0.9552728,114.8977778,Dinas Ketahanan Pangan dan Perikanan
-0.9552934,114.8977653,Dinas Ketahanan Pangan dan Perikanan
-0.9552977,114.8977545,Dinas Ketahanan Pangan dan Perikanan
-0.9553339,114.8977159,Dinas Ketahanan Pangan dan Perikanan
-0.9553089,114.8977828,Dinas Ketahanan Pangan dan Perikanan
-0.9553512,114.8977376,Dinas Ketahanan Pangan dan Perikanan
-0.9552676,114.8976779,Dinas Ketahanan Pangan dan Perikanan
-0.9552998,114.8976396,Dinas Ketahanan Pangan dan Perikanan
-0.9552904,114.8976493,Dinas Ketahanan Pangan dan Perikanan
-0.9553649,114.8976752,Dinas Ketahanan Pangan dan Perikanan
-0.9553822,114.8977218,Dinas Ketahanan Pangan dan Perikanan
-0.9552558,114.8977573,Dinas Ketahanan Pangan dan Perikanan
-0.9553544,114.8977929,Dinas Ketahanan Pangan dan Perikanan
-0.9553264,114.8976521,Dinas Ketahanan Pangan dan Perikanan
-0.9553945,114.8977237,Dinas Ketahanan Pangan dan Perikanan
-0.9552657,114.8977192,Dinas Ketahanan Pangan dan Perikanan
-0.9553396,114.8976733,Dinas Ketahanan Pangan dan Perikanan
-0.9553729,114.8977115,Dinas Ketahanan Pangan dan Perikanan
-0.9553025,114.8976784,Dinas Ketahanan Pangan dan Perikanan
-0.9552834,114.8976973,Dinas Ketahanan Pangan dan Perikanan
-0.9552607,114.8977053,Dinas Ketahanan Pangan dan Perikanan
-0.9553947,114.8977055,Dinas Ketahanan Pangan dan Perikanan
-0.9553869,114.8977582,Dinas Ketahanan Pangan dan Perikanan
-0.9553084,114.8977661,Dinas Ketahanan Pangan dan Perikanan
-0.9553297,114.8977838,Dinas Ketahanan Pangan dan Perikanan
-0.9553217,114.8976964,Dinas Ketahanan Pangan dan Perikanan
-0.9552908,114.8977159,Dinas Ketahanan Pangan dan Perikanan
-0.9553152,114.8977198,Dinas Ketahanan Pangan dan Perikanan
-0.9553055,114.8977281,Dinas Ketahanan Pangan dan Perikanan
-0.9553114,114.8976875,Dinas Ketahanan Pangan dan Perikanan
-0.9553108,114.8977027,Dinas Ketahanan Pangan dan Perikanan
-0.9553067,114.8977872,Dinas Ketahanan Pangan dan Perikanan
-0.9553615,114.8977936,Dinas Ketahanan Pangan dan Perikanan
-0.9552694,114.8977706,Dinas Ketahanan Pangan dan Perikanan
-0.9553305,114.8977853,Dinas Ketahanan Pangan dan Perikanan
-0.9553399,114.8977458,Dinas Ketahanan Pangan dan Perikanan
-0.9553805,114.8977488,Dinas Ketahanan Pangan dan Perikanan
-0.9553436,114.8977763,Dinas Ketahanan Pangan dan Perikanan
-0.9552551,114.8977365,Dinas Ketahanan Pangan dan Perikanan
-0.9552892,114.8976906,Dinas Ketahanan Pangan dan Perikanan
-0.9553023,114.8976593,Dinas Ketahanan Pangan dan Perikanan
-0.9553053,114.8976864,Dinas Ketahanan Pangan dan Perikanan
-0.9553659,114.8977722,Dinas Ketahanan Pangan dan Perikanan
-0.9552906,114.8976687,Dinas Ketahanan Pangan dan Perikanan
-0.9553042,114.8976399,Dinas Ketahanan Pangan dan Perikanan
-0.9553125,114.8977324,Dinas Ketahanan Pangan dan Perikanan
-0.9553255,114.8977201,Dinas Ketahanan Pangan dan Perikanan
-0.9552574,114.8977027,Dinas Ketahanan Pangan dan Perikanan
-0.9553567,114.8976796,Dinas Ketahanan Pangan dan Perikanan
-0.9553984,114.8977286,Dinas Ketahanan Pangan dan Perikanan
-0.9553133,114.8976613,Dinas Ketahanan Pangan dan Perikanan
-0.9553902,114.8977089,Dinas Ketahanan Pangan dan Perikanan
-0.9553858,114.8976852,Dinas Ketahanan Pangan dan Perikanan
-0.9553012,114.8977711,Dinas Ketahanan Pangan dan Perikanan
-0.9553494,114.8977372,Dinas Ketahanan Pangan dan Perikanan
-0.9552777,114.8976908,Dinas Ketahanan Pangan dan Perikanan
-0.9553087,114.8976445,Dinas Ketahanan Pangan dan Perikanan
-0.9553305,114.8977851,Dinas Ketahanan Pangan dan Perikanan
-0.9553418,114.8977884,Dinas Ketahanan Pangan dan Perikanan
-0.9552604,114.8977088,Dinas Ketahanan Pangan dan Perikanan
-0.9552982,114.8976625,Dinas Ketahanan Pangan dan Perikanan
-0.9553516,114.8977183,Dinas Ketahanan Pangan dan Perikanan
-0.9553201,114.8976582,Dinas Ketahanan Pangan dan Perikanan
-0.9553161,114.8977614,Dinas Ketahanan Pangan dan Perikanan
-0.9552569,114.8977284,Dinas Ketahanan Pangan dan Perikanan
-0.9553975,114.8977364,Dinas Ketahanan Pangan dan Perikanan
-0.9553789,114.8976974,Dinas Ketahanan Pangan dan Perikanan
-0.9552704,114.8977491,Dinas Ketahanan Pangan dan Perikanan
-0.9520873,114.8974868,Dinas Lingkungan Hidup
-0.9520959,114.8975791,Dinas Lingkungan Hidup
-0.9521321,114.8975381,Dinas Lingkungan Hidup
-0.9520491,114.8974922,Dinas Lingkungan Hidup
-0.9521272,114.8974567,Dinas Lingkungan Hidup
-0.9520075,114.8975352,Dinas Lingkungan Hidup
-0.9520411,114.8975076,Dinas Lingkungan Hidup
-0.9520552,114.8974792,Dinas Lingkungan Hidup
-0.9520004,114.8974963,Dinas Lingkungan Hidup
-0.9521299,114.8974834,Dinas Lingkungan Hidup
-0.9521102,114.8974657,Dinas Lingkungan Hidup
-0.9520627,114.8975064,Dinas Lingkungan Hidup
-0.9519963,114.8975111,Dinas Lingkungan Hidup
-0.9520262,114.8974488,Dinas Lingkungan Hidup
-0.9520457,114.8975342,Dinas Lingkungan Hidup
-0.9520843,114.8975392,Dinas Lingkungan Hidup
-0.9521181,114.8974921,Dinas Lingkungan Hidup
-0.9521652,114.8975483,Dinas Lingkungan Hidup
-0.9520317,114.8974736,Dinas Lingkungan Hidup
-0.9520983,114.8975044,Dinas Lingkungan Hidup
-0.9520444,114.8974505,Dinas Lingkungan Hidup
-0.9521211,114.8975397,Dinas Lingkungan Hidup
-0.9520154,114.8974696,Dinas Lingkungan Hidup
-0.9521687,114.8975531,Dinas Lingkungan Hidup
-0.9521641,114.8975611,Dinas Lingkungan Hidup
-0.9519701,114.8974707,Dinas Lingkungan Hidup
-0.9521744,114.8975319,Dinas Lingkungan Hidup
-0.9520666,114.8974982,Dinas Lingkungan Hidup
-0.9521521,114.8975296,Dinas Lingkungan Hidup
-0.9521805,114.8975138,Dinas Lingkungan Hidup
-0.9520612,114.8974516,Dinas Lingkungan Hidup
-0.9519769,114.8974596,Dinas Lingkungan Hidup
-0.9521389,114.8975048,Dinas Lingkungan Hidup
-0.9519693,114.8975319,Dinas Lingkungan Hidup
-0.9520747,114.8974944,Dinas Lingkungan Hidup
-0.9520224,114.8975243,Dinas Lingkungan Hidup
-0.9520532,114.8974725,Dinas Lingkungan Hidup
-0.9521275,114.8974682,Dinas Lingkungan Hidup
-0.9520208,114.8975058,Dinas Lingkungan Hidup
-0.9521474,114.8975358,Dinas Lingkungan Hidup
-0.9520205,114.8974763,Dinas Lingkungan Hidup
-0.9520108,114.8974627,Dinas Lingkungan Hidup
-0.9521632,114.8974821,Dinas Lingkungan Hidup
-0.9520845,114.8974938,Dinas Lingkungan Hidup
-0.9521394,114.8974927,Dinas Lingkungan Hidup
-0.9521253,114.8975149,Dinas Lingkungan Hidup
-0.9520893,114.8974949,Dinas Lingkungan Hidup
-0.9521101,114.8974862,Dinas Lingkungan Hidup
-0.9520487,114.8975131,Dinas Lingkungan Hidup
-0.9520981,114.8974991,Dinas Lingkungan Hidup
-0.9520403,114.8975216,Dinas Lingkungan Hidup
-0.9520664,114.8975822,Dinas Lingkungan Hidup
-0.9520894,114.8975391,Dinas Lingkungan Hidup
-0.9519895,114.8975139,Dinas Lingkungan Hidup
-0.9521398,114.8975718,Dinas Lingkungan Hidup
-0.9520725,114.8975453,Dinas Lingkungan Hidup
-0.9519943,114.8974667,Dinas Lingkungan Hidup
-0.9520146,114.8975061,Dinas Lingkungan Hidup
-0.9520323,114.8975358,Dinas Lingkungan Hidup
-0.9520906,114.8974557,Dinas Lingkungan Hidup
-0.9520338,114.8975524,Dinas Lingkungan Hidup
-0.9520265,114.8975027,Dinas Lingkungan Hidup
-0.9519714,114.8975172,Dinas Lingkungan Hidup
-0.9520769,114.8974878,Dinas Lingkungan Hidup
-0.9521236,114.8975073,Dinas Lingkungan Hidup
-0.9521308,114.8975734,Dinas Lingkungan Hidup
-0.9519962,114.8975298,Dinas Lingkungan Hidup
-0.9520718,114.8975377,Dinas Lingkungan Hidup
-0.9520159,114.8975582,Dinas Lingkungan Hidup
-0.9520718,114.8974903,Dinas Lingkungan Hidup
-0.9520803,114.8975719,Dinas Lingkungan Hidup
-0.9521817,114.8975095,Dinas Lingkungan Hidup
-0.9520836,114.8975068,Dinas Lingkungan Hidup
-0.9520155,114.8975442,Dinas Lingkungan Hidup
-0.9520249,114.8974644,Dinas Lingkungan Hidup
-0.9520769,114.8975645,Dinas Lingkungan Hidup
-0.9521141,114.8975169,Dinas Lingkungan Hidup
-0.9521309,114.8974697,Dinas Lingkungan Hidup
-0.9519756,114.8974699,Dinas Lingkungan Hidup
-0.9520539,114.8975143,Dinas Lingkungan Hidup
-0.9521245,114.8974933,Dinas Lingkungan Hidup
-0.9520488,114.8974884,Dinas Lingkungan Hidup
-0.9520844,114.8975757,Dinas Lingkungan Hidup
-0.9519917,114.8975456,Dinas Lingkungan Hidup
-0.9520151,114.8974778,Dinas Lingkungan Hidup
-0.9521031,114.8975354,Dinas Lingkungan Hidup
-0.9520273,114.8975564,Dinas Lingkungan Hidup
-0.9519934,114.8974568,Dinas Lingkungan Hidup
-0.9519741,114.8974756,Dinas Lingkungan Hidup
-0.9521755,114.8975445,Dinas Lingkungan Hidup
-0.9521478,114.8975127,Dinas Lingkungan Hidup
-0.9521585,114.8975254,Dinas Lingkungan Hidup
-0.9521088,114.8975087,Dinas Lingkungan Hidup
-0.9520286,114.8975383,Dinas Lingkungan Hidup
-0.9520095,114.8974558,Dinas Lingkungan Hidup
-0.9520908,114.8975318,Dinas Lingkungan Hidup
-0.9521222,114.8974505,Dinas Lingkungan Hidup
-0.9520434,114.8974785,Dinas Lingkungan Hidup
-0.9520732,114.8974545,Dinas Lingkungan Hidup
-0.9519954,114.8974668,Dinas Lingkungan Hidup
-0.9520311,114.8975356,Dinas Lingkungan Hidup
-0.9520426,114.8975536,Dinas Lingkungan Hidup
-0.9520745,114.8974912,Dinas Lingkungan Hidup
-0.9520065,114.8975171,Dinas Lingkungan Hidup
-0.9520789,114.8974445,Dinas Lingkungan Hidup
-0.9519753,114.8974783,Dinas Lingkungan Hidup
-0.9520511,114.8975059,Dinas Lingkungan Hidup
-0.9520838,114.8975433,Dinas Lingkungan Hidup
-0.9520417,114.8974916,Dinas Lingkungan Hidup
-0.9520827,114.8974501,Dinas Lingkungan Hidup
-0.9520044,114.8974667,Dinas Lingkungan Hidup
-0.9520328,114.8975278,Dinas Lingkungan Hidup
-0.9520194,114.8975224,Dinas Lingkungan Hidup
-0.9519702,114.8974681,Dinas Lingkungan Hidup
-0.9519706,114.8974843,Dinas Lingkungan Hidup
-0.9521069,114.8975334,Dinas Lingkungan Hidup
-0.9521009,114.8975027,Dinas Lingkungan Hidup
-0.9519722,114.8974891,Dinas Lingkungan Hidup
-0.9520834,114.8975071,Dinas Lingkungan Hidup
-0.9520512,114.8975553,Dinas Lingkungan Hidup
-0.9520584,114.8974676,Dinas Lingkungan Hidup
-0.9521301,114.8974822,Dinas Lingkungan Hidup
-0.9521582,114.8975223,Dinas Lingkungan Hidup
-0.9521418,114.8974647,Dinas Lingkungan Hidup
-0.9520005,114.8975265,Dinas Lingkungan Hidup
-0.9520074,114.8974967,Dinas Lingkungan Hidup
-0.9519871,114.8975028,Dinas Lingkungan Hidup
-0.9521026,114.8975339,Dinas Lingkungan Hidup
-0.9519918,114.8974741,Dinas Lingkungan Hidup
-0.9520633,114.8975323,Dinas Lingkungan Hidup
-0.9520504,114.8974694,Dinas Lingkungan Hidup
-0.9520545,114.8975466,Dinas Lingkungan Hidup
-0.9520576,114.8974948,Dinas Lingkungan Hidup
-0.9521523,114.8975108,Dinas Lingkungan Hidup
-0.9520719,114.8974452,Dinas Lingkungan Hidup
-0.9520171,114.8975239,Dinas Lingkungan Hidup
-0.9520342,114.8974937,Dinas Lingkungan Hidup
-0.9520087,114.8974532,Dinas Lingkungan Hidup
-0.9521419,114.8974882,Dinas Lingkungan Hidup
-0.9520101,114.8974811,Dinas Lingkungan Hidup
-0.9521502,114.8974802,Dinas Lingkungan Hidup
-0.9521236,114.8975028,Dinas Lingkungan Hidup
-0.9520578,114.8975327,Dinas Lingkungan Hidup
-0.9520069,114.8974666,Dinas Lingkungan Hidup
-0.9521328,114.8974621,Dinas Lingkungan Hidup
-0.9520139,114.8974877,Dinas Lingkungan Hidup
-0.9520622,114.8975152,Dinas Lingkungan Hidup
-0.9519984,114.8974625,Dinas Lingkungan Hidup
-0.9521037,114.8974674,Dinas Lingkungan Hidup
-0.9521487,114.8975526,Dinas Lingkungan Hidup
-0.9520557,114.8974648,Dinas Lingkungan Hidup
-0.9519785,114.8975319,Dinas Lingkungan Hidup
-0.9521628,114.8975443,Dinas Lingkungan Hidup
-0.9521354,114.8975295,Dinas Lingkungan Hidup
-0.9520549,114.8975343,Dinas Lingkungan Hidup
-0.9521152,114.8975705,Dinas Lingkungan Hidup
-0.9521375,114.8974946,Dinas Lingkungan Hidup
-0.9520143,114.8975522,Dinas Lingkungan Hidup
-0.9520797,114.8975425,Dinas Lingkungan Hidup
-0.9521507,114.8975316,Dinas Lingkungan Hidup
-0.9521366,114.8974544,Dinas Lingkungan Hidup
-0.9520455,114.8975178,Dinas Lingkungan Hidup
-0.9521081,114.8975332,Dinas Lingkungan Hidup
-0.9520627,114.8975031,Dinas Lingkungan Hidup
-0.9520899,114.8975319,Dinas Lingkungan Hidup
-0.9520399,114.8974669,Dinas Lingkungan Hidup
-0.9521106,114.8974477,Dinas Lingkungan Hidup
-0.9520212,114.8975642,Dinas Lingkungan Hidup
-0.9521151,114.8974509,Dinas Lingkungan Hidup
-0.9520987,114.8975738,Dinas Lingkungan Hidup
-0.9521027,114.8974461,Dinas Lingkungan Hidup
-0.9520165,114.8974865,Dinas Lingkungan Hidup
-0.9521156,114.8975188,Dinas Lingkungan Hidup
-0.9520851,114.8975278,Dinas Lingkungan Hidup
-0.9520914,114.8975701,Dinas Lingkungan Hidup
-0.9521162,114.8974844,Dinas Lingkungan Hidup
-0.9520513,114.8974582,Dinas Lingkungan Hidup
-0.9519824,114.8974919,Dinas Lingkungan Hidup
-0.9521602,114.8975244,Dinas Lingkungan Hidup
-0.9520888,114.8974624,Dinas Lingkungan Hidup
-0.9520768,114.8975486,Dinas Lingkungan Hidup
-0.9521211,114.8975303,Dinas Lingkungan Hidup
-0.9520821,114.8974475,Dinas Lingkungan Hidup
-0.9520466,114.8974476,Dinas Lingkungan Hidup
-0.9520278,114.8974485,Dinas Lingkungan Hidup
-0.9520835,114.8974606,Dinas Lingkungan Hidup
-0.9520482,114.8974426,Dinas Lingkungan Hidup
-0.9520949,114.8974972,Dinas Lingkungan Hidup
-0.9520704,114.8974534,Dinas Lingkungan Hidup
-0.9520698,114.8974746,Dinas Lingkungan Hidup
-0.9521211,114.8974724,Dinas Lingkungan Hidup
-0.9520945,114.8974751,Dinas Lingkungan Hidup
-0.9520679,114.8975778,Dinas Lingkungan Hidup
-0.9519903,114.8975422,Dinas Lingkungan Hidup
-0.9521089,114.8974623,Dinas Lingkungan Hidup
-0.9521281,114.8974738,Dinas Lingkungan Hidup
-0.9519823,114.8974722,Dinas Lingkungan Hidup
-0.9521005,114.8975515,Dinas Lingkungan Hidup
-0.9520283,114.8975091,Dinas Lingkungan Hidup
-0.9520273,114.8975269,Dinas Lingkungan Hidup
-0.9520803,114.8974795,Dinas Lingkungan Hidup
-0.9521469,114.8974799,Dinas Lingkungan Hidup
-0.9521787,114.8975197,Dinas Lingkungan Hidup
-0.9521596,114.8974804,Dinas Lingkungan Hidup
-0.9521306,114.8974859,Dinas Lingkungan Hidup
-0.9521584,114.8975131,Dinas Lingkungan Hidup
-0.9520349,114.8974536,Dinas Lingkungan Hidup
-0.9521833,114.8975037,Dinas Lingkungan Hidup
-0.9521275,114.8974652,Dinas Lingkungan Hidup
-0.9521086,114.8974522,Dinas Lingkungan Hidup
-0.9520602,114.8975541,Dinas Lingkungan Hidup
-0.9520636,114.8975203,Dinas Lingkungan Hidup
-0.9520214,114.8974949,Dinas Lingkungan Hidup
-0.9521017,114.8974585,Dinas Lingkungan Hidup
-0.9520626,114.8975248,Dinas Lingkungan Hidup
-0.9521707,114.8974969,Dinas Lingkungan Hidup
-0.9520802,114.8975772,Dinas Lingkungan Hidup
-0.9520298,114.8975598,Dinas Lingkungan Hidup
-0.9521577,114.8975052,Dinas Lingkungan Hidup
-0.9521279,114.8975306,Dinas Lingkungan Hidup
-0.9520249,114.8975363,Dinas Lingkungan Hidup
-0.9520198,114.8975532,Dinas Lingkungan Hidup
-0.9520123,114.8974851,Dinas Lingkungan Hidup
-0.9520273,114.8975296,Dinas Lingkungan Hidup
-0.9521543,114.8974672,Dinas Lingkungan Hidup
-0.9521294,114.8974847,Dinas Lingkungan Hidup
-0.9521281,114.8975044,Dinas Lingkungan Hidup
-0.9521324,114.8975087,Dinas Lingkungan Hidup
-0.9520667,114.8974899,Dinas Lingkungan Hidup
-0.9519907,114.8975337,Dinas Lingkungan Hidup
-0.9521041,114.8975272,Dinas Lingkungan Hidup
-0.9520465,114.8974711,Dinas Lingkungan Hidup
-0.9521421,114.8975125,Dinas Lingkungan Hidup
-0.9520248,114.8975697,Dinas Lingkungan Hidup
-0.9520946,114.8974761,Dinas Lingkungan Hidup
-0.9519732,114.8974895,Dinas Lingkungan Hidup
-0.9521747,114.8975305,Dinas Lingkungan Hidup
-0.9521496,114.8975048,Dinas Lingkungan Hidup
-0.9521518,114.8975473,Dinas Lingkungan Hidup
-0.9521747,114.8975049,Dinas Lingkungan Hidup
-0.9521122,114.8975698,Dinas Lingkungan Hidup
-0.9519899,114.8975551,Dinas Lingkungan Hidup
-0.9520498,114.8974674,Dinas Lingkungan Hidup
-0.9521132,114.8975625,Dinas Lingkungan Hidup
-0.9520669,114.8974499,Dinas Lingkungan Hidup
-0.9520936,114.8975738,Dinas Lingkungan Hidup
-0.9520405,114.8974578,Dinas Lingkungan Hidup
-0.9520871,114.8975177,Dinas Lingkungan Hidup
-0.9521522,114.8975253,Dinas Lingkungan Hidup
-0.9521715,114.8975395,Dinas Lingkungan Hidup
-0.9520799,114.8975795,Dinas Lingkungan Hidup
-0.9520569,114.8974443,Dinas Lingkungan Hidup
-0.9520829,114.8974999,Dinas Lingkungan Hidup
-0.9520776,114.8974731,Dinas Lingkungan Hidup
-0.9521286,114.8975031,Dinas Lingkungan Hidup
-0.9520053,114.8974568,Dinas Lingkungan Hidup
-0.9520012,114.8974996,Dinas Lingkungan Hidup
-0.9520273,114.8974635,Dinas Lingkungan Hidup
-0.9521225,114.8974835,Dinas Lingkungan Hidup
-0.9520861,114.8975399,Dinas Lingkungan Hidup
-0.9520734,114.8974443,Dinas Lingkungan Hidup
-0.9521496,114.8975647,Dinas Lingkungan Hidup
-0.9520117,114.8975252,Dinas Lingkungan Hidup
-0.9520076,114.8974574,Dinas Lingkungan Hidup
-0.9521531,114.8975523,Dinas Lingkungan Hidup
-0.9520572,114.8974523,Dinas Lingkungan Hidup
-0.9520233,114.8975444,Dinas Lingkungan Hidup
-0.9520733,114.8974868,Dinas Lingkungan Hidup
-0.9521033,114.8975267,Dinas Lingkungan Hidup
-0.9521148,114.8974887,Dinas Lingkungan Hidup
-0.9521488,114.8975381,Dinas Lingkungan Hidup
-0.9520494,114.8975555,Dinas Lingkungan Hidup
-0.9520223,114.8975189,Dinas Lingkungan Hidup
-0.9520012,114.8975017,Dinas Lingkungan Hidup
-0.9520938,114.8975352,Dinas Lingkungan Hidup
-0.9521218,114.8974679,Dinas Lingkungan Hidup
-0.9521267,114.8974841,Dinas Lingkungan Hidup
-0.9520736,114.8974667,Dinas Lingkungan Hidup
-0.9520352,114.8975192,Dinas Lingkungan Hidup
-0.9521131,114.8975319,Dinas Lingkungan Hidup
-0.9521217,114.8975008,Dinas Lingkungan Hidup
-0.9519723,114.8974925,Dinas Lingkungan Hidup
-0.9521636,114.8974983,Dinas Lingkungan Hidup
-0.9520139,114.8975363,Dinas Lingkungan Hidup
-0.9520467,114.8974701,Dinas Lingkungan Hidup
-0.9519824,114.8974593,Dinas Lingkungan Hidup
-0.9520314,114.8975571,Dinas Lingkungan Hidup
-0.9521606,114.8975393,Dinas Lingkungan Hidup
-0.9520949,114.8975576,Dinas Lingkungan Hidup
-0.9519764,114.8974996,Dinas Lingkungan Hidup
-0.9520631,114.8975666,Dinas Lingkungan Hidup
-0.9521398,114.8975313,Dinas Lingkungan Hidup
-0.9521108,114.8974751,Dinas Lingkungan Hidup
-0.9521254,114.8975773,Dinas Lingkungan Hidup
-0.9519699,114.8975142,Dinas Lingkungan Hidup
-0.9520743,114.8975386,Dinas Lingkungan Hidup
-0.9521038,114.8975252,Dinas Lingkungan Hidup
-0.9519788,114.8974839,Dinas Lingkungan Hidup
-0.9520256,114.8974998,Dinas Lingkungan Hidup
-0.9519767,114.8974881,Dinas Lingkungan Hidup
-0.9520767,114.8975588,Dinas Lingkungan Hidup
-0.9519991,114.8975148,Dinas Lingkungan Hidup
-0.9521466,114.8975064,Dinas Lingkungan Hidup
-0.9520364,114.8975089,Dinas Lingkungan Hidup
-0.9520846,114.8975016,Dinas Lingkungan Hidup
-0.9520846,114.8974562,Dinas Lingkungan Hidup
-0.9520928,114.8975271,Dinas Lingkungan Hidup
-0.9519649,114.8975174,Dinas Lingkungan Hidup
-0.9520672,114.8975572,Dinas Lingkungan Hidup
-0.9520905,114.8975706,Dinas Lingkungan Hidup
-0.9521039,114.8974639,Dinas Lingkungan Hidup
-0.9521541,114.8975066,Dinas Lingkungan Hidup
-0.9521189,114.8974558,Dinas Lingkungan Hidup
-0.9520446,114.8975396,Dinas Lingkungan Hidup
-0.9521424,114.8974607,Dinas Lingkungan Hidup
-0.9520547,114.8974589,Dinas Lingkungan Hidup
-0.9520754,114.8975504,Dinas Lingkungan Hidup
-0.9520978,114.8974512,Dinas Lingkungan Hidup
-0.9521634,114.8975113,Dinas Lingkungan Hidup
-0.9520326,114.8974755,Dinas Lingkungan Hidup
-0.9519921,114.8975564,Dinas Lingkungan Hidup
-0.9520436,114.8975389,Dinas Lingkungan Hidup
-0.9521164,114.8975444,Dinas Lingkungan Hidup
-0.9520514,114.8974798,Dinas Lingkungan Hidup
-0.9520903,114.8974674,Dinas Lingkungan Hidup
-0.9520449,114.8975723,Dinas Lingkungan Hidup
-0.9519793,114.8974785,Dinas Lingkungan Hidup
-0.9519808,114.8975271,Dinas Lingkungan Hidup
-0.9520796,114.8974609,Dinas Lingkungan Hidup
-0.9520649,114.8974509,Dinas Lingkungan Hidup
-0.9521626,114.8974935,Dinas Lingkungan Hidup
-0.9519886,114.8975113,Dinas Lingkungan Hidup
-0.9520966,114.8975157,Dinas Lingkungan Hidup
-0.9521181,114.8975019,Dinas Lingkungan Hidup
-0.9521636,114.8974836,Dinas Lingkungan Hidup
-0.9520818,114.8974689,Dinas Lingkungan Hidup
-0.9520599,114.8975591,Dinas Lingkungan Hidup
-0.9520884,114.8975586,Dinas Lingkungan Hidup
-0.9520744,114.8975357,Dinas Lingkungan Hidup
-0.9520649,114.8974877,Dinas Lingkungan Hidup
-0.9519814,114.8974591,Dinas Lingkungan Hidup
-0.9520546,114.8974731,Dinas Lingkungan Hidup
-0.9520055,114.8975157,Dinas Lingkungan Hidup
-0.9521403,114.8974944,Dinas Lingkungan Hidup
-0.9521046,114.8975437,Dinas Lingkungan Hidup
-0.9520634,114.8974453,Dinas Lingkungan Hidup
-0.9520017,114.8974579,Dinas Lingkungan Hidup
-0.9520541,114.8975534,Dinas Lingkungan Hidup
-0.9520141,114.8974911,Dinas Lingkungan Hidup
-0.9520709,114.8975452,Dinas Lingkungan Hidup
-0.9519894,114.8975168,Dinas Lingkungan Hidup
-0.9520937,114.8975127,Dinas Lingkungan Hidup
-0.9521201,114.8975607,Dinas Lingkungan Hidup
-0.9519853,114.8974625,Dinas Lingkungan Hidup
-0.9521262,114.8974666,Dinas Lingkungan Hidup
-0.9520298,114.8975292,Dinas Lingkungan Hidup
-0.9520155,114.8974888,Dinas Lingkungan Hidup
-0.9520229,114.8975212,Dinas Lingkungan Hidup
-0.9520126,114.8974503,Dinas Lingkungan Hidup
-0.9520034,114.8974901,Dinas Lingkungan Hidup
-0.9520603,114.8975316,Dinas Lingkungan Hidup
-0.9520535,114.8975041,Dinas Lingkungan Hidup
-0.9521643,114.8975241,Dinas Lingkungan Hidup
-0.9521103,114.8975785,Dinas Lingkungan Hidup
-0.9521303,114.8975525,Dinas Lingkungan Hidup
-0.9521778,114.8975168,Dinas Lingkungan Hidup
-0.9520353,114.8974963,Dinas Lingkungan Hidup
-0.9519825,114.8975121,Dinas Lingkungan Hidup
-0.9521028,114.8974869,Dinas Lingkungan Hidup
-0.9520455,114.8975297,Dinas Lingkungan Hidup
-0.9520044,114.8974988,Dinas Lingkungan Hidup
-0.9520463,114.8974754,Dinas Lingkungan Hidup
-0.9520323,114.8975429,Dinas Lingkungan Hidup
-0.9520157,114.8975148,Dinas Lingkungan Hidup
-0.9520527,114.8975431,Dinas Lingkungan Hidup
-0.9520307,114.8975549,Dinas Lingkungan Hidup
-0.9519994,114.8975431,Dinas Lingkungan Hidup
-0.9520882,114.8974968,Dinas Lingkungan Hidup
-0.9520487,114.8975777,Dinas Lingkungan Hidup
-0.9521363,114.8974958,Dinas Lingkungan Hidup
-0.9520248,114.8974737,Dinas Lingkungan Hidup
-0.9520504,114.8974643,Dinas Lingkungan Hidup
-0.9521109,114.8974806,Dinas Lingkungan Hidup
-0.9520531,114.8975652,Dinas Lingkungan Hidup
-0.9520956,114.8975353,Dinas Lingkungan Hidup
-0.9520087,114.8975087,Dinas Lingkungan Hidup
-0.9521174,114.8974488,Dinas Lingkungan Hidup
-0.9520663,114.8975372,Dinas Lingkungan Hidup
-0.9519654,114.8975201,Dinas Lingkungan Hidup
-0.9520898,114.8975103,Dinas Lingkungan Hidup
-0.9520838,114.8975479,Dinas Lingkungan Hidup
-0.9519967,114.8974538,Dinas Lingkungan Hidup
-0.9521421,114.8975318,Dinas Lingkungan Hidup
-0.9520396,114.8975721,Dinas Lingkungan Hidup
-0.9521061,114.8975416,Dinas Lingkungan Hidup
-0.9521158,114.8975547,Dinas Lingkungan Hidup
-0.9520698,114.8974872,Dinas Lingkungan Hidup
-0.9520694,114.8975505,Dinas Lingkungan Hidup
-0.9520972,114.8974549,Dinas Lingkungan Hidup
-0.9521593,114.8975222,Dinas Lingkungan Hidup
-0.9520567,114.8975275,Dinas Lingkungan Hidup
-0.9520444,114.8974757,Dinas Lingkungan Hidup
-0.9519689,114.8974845,Dinas Lingkungan Hidup
-0.9521193,114.8975316,Dinas Lingkungan Hidup
-0.9520151,114.8974975,Dinas Lingkungan Hidup
-0.9519817,114.8974693,Dinas Lingkungan Hidup
-0.9521129,114.8975024,Dinas Lingkungan Hidup
-0.9520768,114.8975329,Dinas Lingkungan Hidup
-0.9521054,114.8974781,Dinas Lingkungan Hidup
-0.9520135,114.8974758,Dinas Lingkungan Hidup
-0.9520253,114.8975095,Dinas Lingkungan Hidup
-0.9520298,114.8975403,Dinas Lingkungan Hidup
-0.9520687,114.8975366,Dinas Lingkungan Hidup
-0.9520316,114.8974981,Dinas Lingkungan Hidup
-0.9521016,114.8975016,Dinas Lingkungan Hidup
-0.9521306,114.8975168,Dinas Lingkungan Hidup
-0.9520126,114.8975147,Dinas Lingkungan Hidup
-0.9520759,114.8975187,Dinas Lingkungan Hidup
-0.9521107,114.8975527,Dinas Lingkungan Hidup
-0.9520615,114.8974609,Dinas Lingkungan Hidup
-0.9519819,114.8974581,Dinas Lingkungan Hidup
-0.9521175,114.8975782,Dinas Lingkungan Hidup
-0.9521684,114.8975123,Dinas Lingkungan Hidup
-0.9519914,114.8975497,Dinas Lingkungan Hidup
-0.9520583,114.8975101,Dinas Lingkungan Hidup
-0.9519944,114.8975431,Dinas Lingkungan Hidup
-0.9519962,114.8975072,Dinas Lingkungan Hidup
-0.9520534,114.8975204,Dinas Lingkungan Hidup
-0.9520216,114.8975445,Dinas Lingkungan Hidup
-0.9520994,114.8975056,Dinas Lingkungan Hidup
-0.9520059,114.8975074,Dinas Lingkungan Hidup
-0.9520664,114.8974564,Dinas Lingkungan Hidup
-0.9521662,114.8975295,Dinas Lingkungan Hidup
-0.9520083,114.8974547,Dinas Lingkungan Hidup
-0.9521559,114.8974749,Dinas Lingkungan Hidup
-0.9521579,114.8975297,Dinas Lingkungan Hidup
-0.9519799,114.8975183,Dinas Lingkungan Hidup
-0.9521726,114.8975503,Dinas Lingkungan Hidup
-0.9521054,114.8975684,Dinas Lingkungan Hidup
-0.9521001,114.8975744,Dinas Lingkungan Hidup
-0.9520054,114.8974475,Dinas Lingkungan Hidup
-0.9521592,114.8974891,Dinas Lingkungan Hidup
-0.9520019,114.8974966,Dinas Lingkungan Hidup
-0.9519952,114.8975122,Dinas Lingkungan Hidup
-0.9520013,114.8974972,Dinas Lingkungan Hidup
-0.9521561,114.8975272,Dinas Lingkungan Hidup
-0.9520607,114.8975031,Dinas Lingkungan Hidup
-0.9520871,114.8974579,Dinas Lingkungan Hidup
-0.9520644,114.8975578,Dinas Lingkungan Hidup
-0.9521686,114.8975447,Dinas Lingkungan Hidup
-0.9520223,114.8975293,Dinas Lingkungan Hidup
-0.9520532,114.8974496,Dinas Lingkungan Hidup
-0.9519777,114.8975057,Dinas Lingkungan Hidup
-0.9519801,114.8975306,Dinas Lingkungan Hidup
-0.9520255,114.8975688,Dinas Lingkungan Hidup
-0.9521766,114.8974927,Dinas Lingkungan Hidup
-0.9521473,114.8975616,Dinas Lingkungan Hidup
-0.9521125,114.8975624,Dinas Lingkungan Hidup
-0.9520196,114.8974652,Dinas Lingkungan Hidup
-0.9521595,114.8975019,Dinas Lingkungan Hidup
-0.9521293,114.8974557,Dinas Lingkungan Hidup
-0.9519973,114.8975125,Dinas Lingkungan Hidup
-0.9519942,114.8974929,Dinas Lingkungan Hidup
-0.9520705,114.8975704,Dinas Lingkungan Hidup
-0.9520824,114.8974571,Dinas Lingkungan Hidup
-0.9520645,114.8975054,Dinas Lingkungan Hidup
-0.9521093,114.8975766,Dinas Lingkungan Hidup
-0.9520778,114.8975383,Dinas Lingkungan Hidup
-0.9520091,114.8974478,Dinas Lingkungan Hidup
-0.9519725,114.8975183,Dinas Lingkungan Hidup
-0.9521412,114.8975573,Dinas Lingkungan Hidup
-0.9520565,114.8975765,Dinas Lingkungan Hidup
-0.9521551,114.8974768,Dinas Lingkungan Hidup
-0.9521508,114.8975434,Dinas Lingkungan Hidup
-0.9521236,114.8975365,Dinas Lingkungan Hidup
-0.9520309,114.8975642,Dinas Lingkungan Hidup
-0.9521133,114.8975121,Dinas Lingkungan Hidup
-0.9521719,114.8974884,Dinas Lingkungan Hidup
-0.9519694,114.8975318,Dinas Lingkungan Hidup
-0.9520988,114.8975408,Dinas Lingkungan Hidup
-0.9521365,114.8975244,Dinas Lingkungan Hidup
-0.9521528,114.8975084,Dinas Lingkungan Hidup
-0.9520963,114.8974821,Dinas Lingkungan Hidup
-0.9520342,114.8974575,Dinas Lingkungan Hidup
-0.9521128,114.8975158,Dinas Lingkungan Hidup
-0.9520533,114.8975462,Dinas Lingkungan Hidup
-0.9519698,114.8975118,Dinas Lingkungan Hidup
-0.9519946,114.8974951,Dinas Lingkungan Hidup
-0.9521099,114.8975021,Dinas Lingkungan Hidup
-0.9520668,114.8974427,Dinas Lingkungan Hidup
-0.9520315,114.8974775,Dinas Lingkungan Hidup
-0.9520528,114.8975003,Dinas Lingkungan Hidup
-0.9521402,114.8974641,Dinas Lingkungan Hidup
-0.9521142,114.8974917,Dinas Lingkungan Hidup
-0.9520754,114.8974791,Dinas Lingkungan Hidup
-0.9520198,114.8975277,Dinas Lingkungan Hidup
-0.9521747,114.8975142,Dinas Lingkungan Hidup
-0.9521033,114.8974529,Dinas Lingkungan Hidup
-0.9521009,114.8974638,Dinas Lingkungan Hidup
-0.9520415,114.8975651,Dinas Lingkungan Hidup
-0.9520644,114.8975208,Dinas Lingkungan Hidup
-0.9520623,114.8974508,Dinas Lingkungan Hidup
-0.9520804,114.8974629,Dinas Lingkungan Hidup
-0.9520971,114.8975813,Dinas Lingkungan Hidup
-0.9520839,114.8975275,Dinas Lingkungan Hidup
-0.9521025,114.8975595,Dinas Lingkungan Hidup
-0.9520378,114.8974895,Dinas Lingkungan Hidup
-0.9520283,114.8975028,Dinas Lingkungan Hidup
-0.9520526,114.8975579,Dinas Lingkungan Hidup
-0.9520796,114.8974693,Dinas Lingkungan Hidup
-0.9520664,114.8975741,Dinas Lingkungan Hidup
-0.9520046,114.8975557,Dinas Lingkungan Hidup
-0.9521253,114.8975559,Dinas Lingkungan Hidup
-0.9520824,114.8975492,Dinas Lingkungan Hidup
-0.9520131,114.8975363,Dinas Lingkungan Hidup
-0.9520334,114.8975722,Dinas Lingkungan Hidup
-0.9521496,114.8974944,Dinas Lingkungan Hidup
-0.9519749,114.8974973,Dinas Lingkungan Hidup
-0.9520419,114.8975133,Dinas Lingkungan Hidup
-0.9521378,114.8975324,Dinas Lingkungan Hidup
-0.9521465,114.8975427,Dinas Lingkungan Hidup
-0.9521171,114.8975094,Dinas Lingkungan Hidup
-0.9520685,114.8975625,Dinas Lingkungan Hidup
-0.9521241,114.8974811,Dinas Lingkungan Hidup
-0.9520642,114.8974957,Dinas Lingkungan Hidup
-0.9521433,114.8975292,Dinas Lingkungan Hidup
-0.9521073,114.8974448,Dinas Lingkungan Hidup
-0.9519906,114.8975487,Dinas Lingkungan Hidup
-0.9521033,114.8975756,Dinas Lingkungan Hidup
-0.9521523,114.8975256,Dinas Lingkungan Hidup
-0.9520724,114.8974536,Dinas Lingkungan Hidup
-0.9520476,114.8975242,Dinas Lingkungan Hidup
-0.9519974,114.8975325,Dinas Lingkungan Hidup
-0.9521541,114.8975234,Dinas Lingkungan Hidup
-0.9520209,114.8975313,Dinas Lingkungan Hidup
-0.9521114,114.8974663,Dinas Lingkungan Hidup
-0.9520361,114.8974484,Dinas Lingkungan Hidup
-0.9520584,114.8975283,Dinas Lingkungan Hidup
-0.9519688,114.8974952,Dinas Lingkungan Hidup
-0.9519647,114.8975087,Dinas Lingkungan Hidup
-0.9521316,114.8975381,Dinas Lingkungan Hidup
-0.9520503,114.8975116,Dinas Lingkungan Hidup
-0.9520107,114.8974614,Dinas Lingkungan Hidup
-0.9519656,114.8975198,Dinas Lingkungan Hidup
-0.9521234,114.8975418,Dinas Lingkungan Hidup
-0.9521096,114.8974769,Dinas Lingkungan Hidup
-0.9521394,114.8975241,Dinas Lingkungan Hidup
-0.9520718,114.8975614,Dinas Lingkungan Hidup
-0.9520279,114.8975376,Dinas Lingkungan Hidup
-0.9520786,114.8974761,Dinas Lingkungan Hidup
-0.9520732,114.8974998,Dinas Lingkungan Hidup
-0.9521416,114.8975411,Dinas Lingkungan Hidup
-0.9520689,114.8974793,Dinas Lingkungan Hidup
-0.9521657,114.8974978,Dinas Lingkungan Hidup
-0.9519753,114.8974633,Dinas Lingkungan Hidup
-0.9521504,114.8975234,Dinas Lingkungan Hidup
-0.9521438,114.8975384,Dinas Lingkungan Hidup
-0.9521201,114.8975029,Dinas Lingkungan Hidup
-0.9520029,114.8974562,Dinas Lingkungan Hidup
-0.9520014,114.8974842,Dinas Lingkungan Hidup
-0.9521054,114.8975491,Dinas Lingkungan Hidup
-0.9520081,114.8975079,Dinas Lingkungan Hidup
-0.9521519,114.8975014,Dinas Lingkungan Hidup
-0.9520763,114.8974998,Dinas Lingkungan Hidup
-0.9521267,114.8975574,Dinas Lingkungan Hidup
-0.9520944,114.8974473,Dinas Lingkungan Hidup
-0.9520712,114.8975575,Dinas Lingkungan Hidup
-0.9520076,114.8975205,Dinas Lingkungan Hidup
-0.9520495,114.8975504,Dinas Lingkungan Hidup
-0.9521502,114.8975035,Dinas Lingkungan Hidup
-0.9521277,114.8975084,Dinas Lingkungan Hidup
-0.9520372,114.8975652,Dinas Lingkungan Hidup
-0.9520676,114.8974776,Dinas Lingkungan Hidup
-0.9520657,114.8975187,Dinas Lingkungan Hidup
-0.9521418,114.8975475,Dinas Lingkungan Hidup
-0.9521407,114.8975704,Dinas Lingkungan Hidup
-0.9521147,114.8974831,Dinas Lingkungan Hidup
-0.9520253,114.8974673,Dinas Lingkungan Hidup
-0.9519696,114.8975145,Dinas Lingkungan Hidup
-0.9520055,114.8974668,Dinas Lingkungan Hidup
-0.9521033,114.8975751,Dinas Lingkungan Hidup
-0.9521062,114.8975531,Dinas Lingkungan Hidup
-0.9520018,114.8975301,Dinas Lingkungan Hidup
-0.9521689,114.8975295,Dinas Lingkungan Hidup
-0.9521372,114.8974717,Dinas Lingkungan Hidup
-0.9521069,114.8975435,Dinas Lingkungan Hidup
-0.9520548,114.8975742,Dinas Lingkungan Hidup
-0.9520826,114.8975342,Dinas Lingkungan Hidup
-0.9521329,114.8975242,Dinas Lingkungan Hidup
-0.9519955,114.8975294,Dinas Lingkungan Hidup
-0.9520503,114.8974605,Dinas Lingkungan Hidup
-0.9521766,114.8975239,Dinas Lingkungan Hidup
-0.9519952,114.8975462,Dinas Lingkungan Hidup
-0.9521307,114.8975293,Dinas Lingkungan Hidup
-0.9520458,114.8974897,Dinas Lingkungan Hidup
-0.9521135,114.8975042,Dinas Lingkungan Hidup
-0.9520313,114.8975518,Dinas Lingkungan Hidup
-0.9519645,114.8975114,Dinas Lingkungan Hidup
-0.9521432,114.8975713,Dinas Lingkungan Hidup
-0.9519701,114.8974939,Dinas Lingkungan Hidup
-0.9519888,114.8975412,Dinas Lingkungan Hidup
-0.9521319,114.8975054,Dinas Lingkungan Hidup
-0.9520936,114.8975264,Dinas Lingkungan Hidup
-0.9521446,114.8974975,Dinas Lingkungan Hidup
-0.9521474,114.8975021,Dinas Lingkungan Hidup
-0.9521089,114.8975162,Dinas Lingkungan Hidup
-0.9521322,114.8974989,Dinas Lingkungan Hidup
-0.9521326,114.8975628,Dinas Lingkungan Hidup
-0.9521416,114.8975087,Dinas Lingkungan Hidup
-0.9519818,114.8975361,Dinas Lingkungan Hidup
-0.9521723,114.8974994,Dinas Lingkungan Hidup
-0.9520671,114.8975159,Dinas Lingkungan Hidup
-0.9521691,114.8974931,Dinas Lingkungan Hidup
-0.9521074,114.8975401,Dinas Lingkungan Hidup
-0.9520172,114.8975002,Dinas Lingkungan Hidup
-0.9519717,114.8975165,Dinas Lingkungan Hidup
-0.9520219,114.8975658,Dinas Lingkungan Hidup
-0.9520455,114.8975074,Dinas Lingkungan Hidup
-0.9520326,114.8975298,Dinas Lingkungan Hidup
-0.9521067,114.8974503,Dinas Lingkungan Hidup
-0.9520212,114.8975461,Dinas Lingkungan Hidup
-0.9520915,114.8974633,Dinas Lingkungan Hidup
-0.9521351,114.8975572,Dinas Lingkungan Hidup
-0.9520739,114.8975297,Dinas Lingkungan Hidup
-0.9520686,114.8975202,Dinas Lingkungan Hidup
-0.9521135,114.8974825,Dinas Lingkungan Hidup
-0.9520392,114.8974409,Dinas Lingkungan Hidup
-0.9521005,114.8974667,Dinas Lingkungan Hidup
-0.9521176,114.8974982,Dinas Lingkungan Hidup
-0.9521704,114.8975118,Dinas Lingkungan Hidup
-0.9521377,114.8975605,Dinas Lingkungan Hidup
-0.9520947,114.8975349,Dinas Lingkungan Hidup
-0.9521629,114.8974817,Dinas Lingkungan Hidup
-0.9520899,114.8975495,Dinas Lingkungan Hidup
-0.9520608,114.8974438,Dinas Lingkungan Hidup
-0.9520381,114.8975669,Dinas Lingkungan Hidup
-0.9519854,114.8975045,Dinas Lingkungan Hidup
-0.9521172,114.8975098,Dinas Lingkungan Hidup
-0.9520258,114.8975395,Dinas Lingkungan Hidup
-0.9520353,114.8975704,Dinas Lingkungan Hidup
-0.9521008,114.8975723,Dinas Lingkungan Hidup
-0.9519976,114.8975552,Dinas Lingkungan Hidup
-0.9521247,114.8975695,Dinas Lingkungan Hidup
-0.9521562,114.8975361,Dinas Lingkungan Hidup
-0.9521437,114.8974952,Dinas Lingkungan Hidup
-0.9520654,114.8975741,Dinas Lingkungan Hidup
-0.9520987,114.8974942,Dinas Lingkungan Hidup
-0.9520673,114.8974829,Dinas Lingkungan Hidup
-0.9520573,114.8975408,Dinas Lingkungan Hidup
-0.9521614,114.8975074,Dinas Lingkungan Hidup
-0.9520374,114.8975286,Dinas Lingkungan Hidup
-0.9521594,114.8975453,Dinas Lingkungan Hidup
-0.9521169,114.8975763,Dinas Lingkungan Hidup
-0.9521046,114.8975491,Dinas Lingkungan Hidup
-0.9520469,114.8975029,Dinas Lingkungan Hidup
-0.9520593,114.8974599,Dinas Lingkungan Hidup
-0.9519776,114.8975219,Dinas Lingkungan Hidup
-0.9520136,114.8975026,Dinas Lingkungan Hidup
-0.9520583,114.8975294,Dinas Lingkungan Hidup
-0.9520229,114.8975176,Dinas Lingkungan Hidup
-0.9519687,114.8974916,Dinas Lingkungan Hidup
-0.9521781,114.8975185,Dinas Lingkungan Hidup
-0.9521148,114.8975078,Dinas Lingkungan Hidup
-0.9521237,114.8975553,Dinas Lingkungan Hidup
-0.9520903,114.8975542,Dinas Lingkungan Hidup
-0.9521615,114.8975095,Dinas Lingkungan Hidup
-0.9520258,114.8974682,Dinas Lingkungan Hidup
-0.9521577,114.8975042,Dinas Lingkungan Hidup
-0.9521124,114.8974729,Dinas Lingkungan Hidup
-0.9521226,114.8975166,Dinas Lingkungan Hidup
-0.9519957,114.8975545,Dinas Lingkungan Hidup
-0.9520162,114.8975156,Dinas Lingkungan Hidup
-0.9521736,114.8975291,Dinas Lingkungan Hidup
-0.9520594,114.8974592,Dinas Lingkungan Hidup
-0.9520197,114.8975137,Dinas Lingkungan Hidup
-0.9520862,114.8975671,Dinas Lingkungan Hidup
-0.9520563,114.8974928,Dinas Lingkungan Hidup
-0.9519912,114.8975427,Dinas Lingkungan Hidup
-0.9520803,114.8974437,Dinas Lingkungan Hidup
-0.9519719,114.8975273,Dinas Lingkungan Hidup
-0.9520545,114.8975721,Dinas Lingkungan Hidup
-0.9520621,114.8975564,Dinas Lingkungan Hidup
-0.9520896,114.8975668,Dinas Lingkungan Hidup
-0.9521621,114.8975594,Dinas Lingkungan Hidup
-0.9519869,114.8974738,Dinas Lingkungan Hidup
-0.9520481,114.8974477,Dinas Lingkungan Hidup
-0.9521752,114.8975267,Dinas Lingkungan Hidup
-0.9521703,114.8975502,Dinas Lingkungan Hidup
-0.9520265,114.8974959,Dinas Lingkungan Hidup
-0.9521054,114.8974655,Dinas Lingkungan Hidup
-0.9521457,114.8975104,Dinas Lingkungan Hidup
-0.9520452,114.8975509,Dinas Lingkungan Hidup
-0.9520892,114.8975498,Dinas Lingkungan Hidup
-0.9520578,114.8975036,Dinas Lingkungan Hidup
-0.9520227,114.8975025,Dinas Lingkungan Hidup
-0.9520841,114.8975365,Dinas Lingkungan Hidup
-0.9520654,114.8974442,Dinas Lingkungan Hidup
-0.9520685,114.8974841,Dinas Lingkungan Hidup
-0.9519782,114.8975259,Dinas Lingkungan Hidup
-0.9521246,114.8974508,Dinas Lingkungan Hidup
-0.9521725,114.8974881,Dinas Lingkungan Hidup
-0.9520995,114.8974805,Dinas Lingkungan Hidup
-0.9521539,114.8975338,Dinas Lingkungan Hidup
-0.9520859,114.8974831,Dinas Lingkungan Hidup
-0.9520034,114.8975454,Dinas Lingkungan Hidup
-0.9520111,114.8975189,Dinas Lingkungan Hidup
-0.9521328,114.8975352,Dinas Lingkungan Hidup
-0.9519712,114.8974916,Dinas Lingkungan Hidup
-0.9519872,114.8974563,Dinas Lingkungan Hidup
-0.9521119,114.8975672,Dinas Lingkungan Hidup
-0.9520699,114.8975665,Dinas Lingkungan Hidup
-0.9521381,114.8975692,Dinas Lingkungan Hidup
-0.9521228,114.8974873,Dinas Lingkungan Hidup
-0.9520916,114.8975035,Dinas Lingkungan Hidup
-0.9521668,114.8975122,Dinas Lingkungan Hidup
-0.9519785,114.8974691,Dinas Lingkungan Hidup
-0.9520905,114.8975059,Dinas Lingkungan Hidup
-0.9521162,114.8975656,Dinas Lingkungan Hidup
-0.9521153,114.8974587,Dinas Lingkungan Hidup
-0.9521116,114.8975115,Dinas Lingkungan Hidup
-0.9520621,114.8975509,Dinas Lingkungan Hidup
-0.9521344,114.8975654,Dinas Lingkungan Hidup
-0.9519852,114.8975096,Dinas Lingkungan Hidup
-0.9520574,114.8975044,Dinas Lingkungan Hidup
-0.9521519,114.8974597,Dinas Lingkungan Hidup
-0.9520551,114.8975736,Dinas Lingkungan Hidup
-0.9519873,114.8974559,Dinas Lingkungan Hidup
-0.9521282,114.8974651,Dinas Lingkungan Hidup
-0.9521391,114.8975458,Dinas Lingkungan Hidup
-0.9521221,114.8975133,Dinas Lingkungan Hidup
-0.9521176,114.8974554,Dinas Lingkungan Hidup
-0.9521539,114.8975003,Dinas Lingkungan Hidup
-0.9520232,114.8975394,Dinas Lingkungan Hidup
-0.9519825,114.8974924,Dinas Lingkungan Hidup
-0.9520191,114.8974587,Dinas Lingkungan Hidup
-0.9520201,114.8974801,Dinas Lingkungan Hidup
-0.9521402,114.8974971,Dinas Lingkungan Hidup
-0.9521818,114.8974951,Dinas Lingkungan Hidup
-0.9521382,114.8975113,Dinas Lingkungan Hidup
-0.9520195,114.8975523,Dinas Lingkungan Hidup
-0.9520481,114.8974596,Dinas Lingkungan Hidup
-0.9520855,114.8974689,Dinas Lingkungan Hidup
-0.9521092,114.8974692,Dinas Lingkungan Hidup
-0.9520089,114.8975027,Dinas Lingkungan Hidup
-0.9521652,114.8975335,Dinas Lingkungan Hidup
-0.9519802,114.8975326,Dinas Lingkungan Hidup
-0.9521612,114.8975332,Dinas Lingkungan Hidup
-0.9521305,114.8974916,Dinas Lingkungan Hidup
-0.9520355,114.8975617,Dinas Lingkungan Hidup
-0.9520653,114.8975564,Dinas Lingkungan Hidup
-0.9520854,114.8974625,Dinas Lingkungan Hidup
-0.9520258,114.8974661,Dinas Lingkungan Hidup
-0.9520227,114.8975604,Dinas Lingkungan Hidup
-0.9521808,114.8975146,Dinas Lingkungan Hidup
-0.9520782,114.8974606,Dinas Lingkungan Hidup
-0.9521293,114.8974939,Dinas Lingkungan Hidup
-0.9520441,114.8974493,Dinas Lingkungan Hidup
-0.9519809,114.8975445,Dinas Lingkungan Hidup
-0.9521164,114.8975218,Dinas Lingkungan Hidup
-0.9520173,114.8975566,Dinas Lingkungan Hidup
-0.9519901,114.8975081,Dinas Lingkungan Hidup
-0.9520771,114.8975241,Dinas Lingkungan Hidup
-0.9521291,114.8975149,Dinas Lingkungan Hidup
-0.9520915,114.8975604,Dinas Lingkungan Hidup
-0.9521419,114.8975311,Dinas Lingkungan Hidup
-0.9519804,114.8975315,Dinas Lingkungan Hidup
-0.9520365,114.8975615,Dinas Lingkungan Hidup
-0.9520653,114.8974513,Dinas Lingkungan Hidup
-0.9520988,114.8974623,Dinas Lingkungan Hidup
-0.9519919,114.8975214,Dinas Lingkungan Hidup
-0.9520943,114.8975407,Dinas Lingkungan Hidup
-0.9520284,114.8975261,Dinas Lingkungan Hidup
-0.9521476,114.8975309,Dinas Lingkungan Hidup
-0.9519955,114.8974977,Dinas Lingkungan Hidup
-0.9520347,114.8974674,Dinas Lingkungan Hidup
-0.9521053,114.8975306,Dinas Lingkungan Hidup
-0.9520531,114.8975378,Dinas Lingkungan Hidup
-0.9519739,114.8974877,Dinas Lingkungan Hidup
-0.9520563,114.8974412,Dinas Lingkungan Hidup
-0.9520732,114.8975488,Dinas Lingkungan Hidup
-0.9521579,114.8974881,Dinas Lingkungan Hidup
-0.9521681,114.8975521,Dinas Lingkungan Hidup
-0.9520413,114.8975012,Dinas Lingkungan Hidup
-0.9521422,114.8975601,Dinas Lingkungan Hidup
-0.9520135,114.8975358,Dinas Lingkungan Hidup
-0.9521683,114.8974872,Dinas Lingkungan Hidup
-0.9520886,114.8974619,Dinas Lingkungan Hidup
-0.9520352,114.8974466,Dinas Lingkungan Hidup
-0.9520369,114.8974564,Dinas Lingkungan Hidup
-0.9520327,114.8975168,Dinas Lingkungan Hidup
-0.9521231,114.8975263,Dinas Lingkungan Hidup
-0.9521177,114.8974609,Dinas Lingkungan Hidup
-0.9520753,114.8974783,Dinas Lingkungan Hidup
-0.9520882,114.8974509,Dinas Lingkungan Hidup
-0.9520224,114.8974952,Dinas Lingkungan Hidup
-0.9521491,114.8975534,Dinas Lingkungan Hidup
-0.9520563,114.8975585,Dinas Lingkungan Hidup
-0.9520746,114.8975668,Dinas Lingkungan Hidup
-0.9521812,114.8975174,Dinas Lingkungan Hidup
-0.9520776,114.8974674,Dinas Lingkungan Hidup
-0.9520905,114.8974537,Dinas Lingkungan Hidup
-0.9521269,114.8975566,Dinas Lingkungan Hidup
-0.9521311,114.8974971,Dinas Lingkungan Hidup
-0.9521753,114.8975313,Dinas Lingkungan Hidup
-0.9520197,114.8974544,Dinas Lingkungan Hidup
-0.9520935,114.8975752,Dinas Lingkungan Hidup
-0.9521523,114.8974878,Dinas Lingkungan Hidup
-0.9520271,114.8974699,Dinas Lingkungan Hidup
-0.9520271,114.8974699,Test Lokasi 1
-0.9520271,114.8974699,Test Lokasi 2
-0.9520271,114.8974699,Test Lokasi 3
-0.9520271,114.8974699,Test Lokasi 4
-0.9520271,114.8974699,Test Lokasi 5
-0.9520271,114.8974699,Test Lokasi 6
-0.9520271,114.8974699,Test 7
-0.9520271,114.8974699,Test 8
-0.9520271,114.8974699,Test 9
-0.9520271,114.8974699,Test 9
-0.9520271,114.8974699,Test 10
-0.9520271,114.8974699,Test 11
-0.9520271,114.8974699,Test 12
-0.9520271,114.8974699,Test 13
-0.9520271,114.8974699,Test 14
-0.9520271,114.8974699,Test 15
-0.9520271,114.8974699,Test 16
-0.9520271,114.8974699,Test 17
-0.9520271,114.8974699,Test 18
-0.9520271,114.8974699,Test 19
-0.9520271,114.8974699,Test 20
-0.9520271,114.8974699,Test 21
-0.9520271,114.8974699,Test 22
-0.9520271,114.8974699,Test 23
-0.9520271,114.8974699,Test 24
-0.9520271,114.8974699,Test 25
-0.9520271,114.8974699,Test 26
-0.9520271,114.8974699,Test 27
-0.9520271,114.8974699,Test 28
-0.9520271,114.8974699,Test 29
-0.9520271,114.8974699,Test 30
-0.9520271,114.8974699,Test 31
-0.9520271,114.8974699,Test 32
-0.9520271,114.8974699,Test 33
